z,a,H,c_eff_over_c,delta_t
0.0,1.0,74.68866585416856,0.4268320551305502,0.0
0.05012531328320802,0.9522673031026253,75.34460407109964,0.4250512286072595,0.8595552098864698
0.10025062656641603,0.908883826879271,76.31822053829202,0.4233509654745269,1.6760364325160295
0.15037593984962405,0.869281045751634,77.58908885000565,0.4217254960263578,2.4500379047533416
0.20050125313283207,0.8329853862212944,79.13772858740064,0.42017374577621397,3.1824701256508057
0.2506265664160401,0.7995991983967936,80.94497267448638,0.4186816995351447,3.8745398961690753
0.3007518796992481,0.7687861271676301,82.99329221264286,0.41725883703954497,4.527687954944522
0.3508771929824561,0.7402597402597403,85.26387283512308,0.41587364993629994,5.1435619529902565
0.40100250626566414,0.7137745974955277,87.7430394366952,0.4145475725469101,5.723941053616807
0.45112781954887216,0.689119170984456,90.41398718450496,0.4132608995883133,6.27066808583452
0.5012531328320802,0.666110183639399,93.26442140902141,0.4120205216627579,6.785629533239604
0.5513784461152882,0.6445880452342488,96.28061981810059,0.41081396873626486,7.270704726343484
0.6015037593984962,0.6244131455399061,99.45344402305984,0.40966340781086324,7.72772271604697
0.6516290726817042,0.6054628224582701,102.76982880799191,0.40853095273867296,8.158466520309204
0.7017543859649122,0.5876288659793815,106.22186993901373,0.4074387440493466,8.564660416193705
0.7518796992481203,0.5708154506437768,109.80145420776711,0.4063801627433322,8.947923292840814
0.8020050125313283,0.5549374130737135,113.49973931972016,0.4053382628074112,9.309801699095503
0.8521303258145363,0.5399188092016238,117.31098224071029,0.4043373352201109,9.651741550215828
0.9022556390977443,0.525691699604743,121.22804526732104,0.40335614154993604,9.975090260731413
0.9523809523809523,0.5121951219512195,125.24683284324976,0.4024074611781387,10.28110837567831
1.0025062656641603,0.4993742177722153,129.3605843575293,0.4014843532882938,10.570963095565126
1.0526315789473684,0.4871794871794872,133.56641849569672,0.40057522460858586,10.8457477299898
1.1027568922305764,0.4755661501787843,137.85917982862995,0.3996887671285715,11.106475252376962
1.1528822055137844,0.46449359720605354,142.23555307186376,0.3988304910561749,11.354075521672359
1.2030075187969924,0.45392491467576795,146.69282573337588,0.3979810005961055,11.589413895376193
1.2531328320802004,0.4438264738598443,151.22638756847533,0.3971505076261608,11.81329513955672
1.3032581453634084,0.43416757344940154,155.83574506957413,0.39635557172969027,12.02645008710055
1.3533834586466165,0.4249201277955271,160.51606650203288,0.3955566086587781,12.229563572452436
1.4035087719298245,0.41605839416058393,165.26639553706454,0.39478640714146035,12.423272518019045
1.4536340852130325,0.40755873340143006,170.08468764112348,0.39403250611993357,12.608156331252044
1.5037593984962405,0.3993993993993994,174.968901483224,0.3932901583670424,12.784757701302214
1.5538847117794485,0.3915603532875368,179.91698578164937,0.3925652793083025,12.95357866863922
1.6040100250626566,0.3840230991337825,184.92638625167277,0.39184351712170573,13.115087346421488
1.6541353383458646,0.3767705382436261,189.99871065933635,0.39114854957396017,13.269713710458312
1.7042606516290726,0.3697868396663577,195.12865669922562,0.39046080662782306,13.417855231037116
1.7543859649122806,0.3630573248407643,200.3183673112134,0.3897781540030361,13.559887790574859
1.8045112781954886,0.35656836461126007,205.56484608985224,0.38911990361684745,13.696154902862709
1.8546365914786966,0.3503072870939421,210.86703384719175,0.38847716433985874,13.82697356180966
1.9047619047619047,0.3442622950819672,216.22396885097749,0.3878306195475166,13.952646260797977
1.9548872180451127,0.33842239185750633,221.63508204434984,0.38720328176275093,14.07345367320261
2.0050125313283207,0.3327773144286906,227.09927290025985,0.3865891081072385,14.189652947735476
2.0551378446115285,0.32731747333880234,232.61528180581846,0.3859813052704463,14.301487248524406
2.1052631578947367,0.3220338983050848,238.18196921479614,0.3853832174785946,14.409184569316352
2.155388471177945,0.3169181890389198,243.80142760610772,0.38479509124463157,14.512956558745328
2.2055137844611528,0.31196247068021893,249.46907575839856,0.384208287857311,14.613003087580823
2.2556390977443606,0.30715935334872985,255.1869328980293,0.3836395538583606,14.709509876565088
2.305764411027569,0.3025018953752843,260.95226255877105,0.3830861099870893,14.802647934300792
2.355889724310777,0.29798356982823,266.76714701937334,0.3825240253495489,14.892582641146742
2.406015037593985,0.293598233995585,272.628201557494,0.38197552689466807,14.979469553264467
2.4561403508771926,0.2893401015228427,278.5354944245512,0.3814429384747367,15.063450581827974
2.506265664160401,0.2852037169406719,284.49069690927877,0.3809208667523761,15.144659255018329
2.556390977443609,0.28118393234672306,290.4915028692211,0.3803970205965582,15.223224095115194
2.606516290726817,0.2772758860319667,296.5373567221723,0.3798783608891017,15.299267206975388
2.6566416040100247,0.273474982864976,302.6279659164498,0.3793739207760923,15.372901020664784
2.706766917293233,0.2697768762677485,308.76279891137216,0.3788734929102205,15.444231654715962
2.756892230576441,0.26617745163442297,314.9413016823705,0.3783784978469063,15.51336056814202
2.807017543859649,0.26267281105990786,321.16341382883763,0.3778951257055193,15.580382407991614
2.8571428571428568,0.2592592592592593,327.4302715335466,0.37741325191952574,15.645386915350624
2.907268170426065,0.25593329057087877,333.7392820712264,0.3769333149427012,15.708460309304836
2.9573934837092732,0.2526915769474351,340.0894839372863,0.3764591945806634,15.769683810424166
3.007518796992481,0.24953095684803003,346.48263697447896,0.3759969346404402,15.829132878004266
3.057644110275689,0.24644842495367514,352.9182411659624,0.37554609557582475,15.886878129852345
3.107769423558897,0.2434411226357535,359.3927935073182,0.37509418942372197,15.942988328003336
3.1578947368421053,0.24050632911392406,365.9118482354711,0.37464178685282734,15.997529882547019
3.208020050125313,0.23764145324597977,372.46828171847795,0.3742001621871357,16.050564487018917
3.258145363408521,0.23484402589758685,379.06839585716114,0.3737689348060983,16.102149528616565
3.308270676691729,0.23211169284467717,385.7066857594997,0.37334588278620273,16.15233972193923
3.3583959899749374,0.22944220816561242,392.38456167675014,0.3729196218549253,16.201188743612846
3.408521303258145,0.22683342808413873,399.1040175158147,0.37249690557485954,16.24874787090632
3.458646616541353,0.224283305227656,405.8612484007423,0.3720789559515646,16.295065142761292
3.508771929824561,0.22178988326848248,412.656488587718,0.3716702992604163,16.340185913538413
3.5588972431077694,0.21935129191863662,419.49229930993357,0.3712629727866744,16.38415352184293
3.6090225563909772,0.2169657422512235,426.36711156208577,0.3708578807970614,16.42700985531044
3.659147869674185,0.21463152232383004,433.2797093916078,0.3704615051493443,16.468794305377703
3.7092731829573933,0.21234699308142632,440.23008283573006,0.3700721096028108,16.509544067440444
3.7593984962406015,0.21011058451816744,447.2181524020171,0.36968229336067154,16.549295412117385
3.8095238095238093,0.20792079207920794,454.2438089110219,0.36929153923605756,16.58808362295875
3.859649122807017,0.20577617328519857,461.3069100040367,0.36890494321288425,16.625942011375784
3.9097744360902253,0.20367534456355282,468.40725274745677,0.36852624093188907,16.662901699317334
3.9598997493734336,0.20161697827185449,475.5445657541122,0.3681551930678923,16.698992181589873
4.010025062656641,0.19959979989994997,482.71852235009413,0.36779156987351025,16.734241731588508
4.060150375939849,0.19762258543833583,489.92871469713634,0.36742668679267615,16.76867808671632
4.110275689223057,0.1956841589014223,497.1746976815587,0.36705792571958945,16.80232863980245
4.160401002506266,0.19378338999514327,504.45600704399794,0.3666963285333039,16.835219036474356
4.2105263157894735,0.19191919191919193,511.77661845294386,0.3663416884838396,16.867372962010478
4.260651629072681,0.19009051929490234,519.132229417863,0.3659938067011588,16.898813160419184
4.31077694235589,0.18829636621047663,526.5220958801274,0.36564963025978264,16.929561812813798
4.360902255639098,0.18653576437587657,533.9454825713817,0.3653025945989429,16.95964085398488
4.4110275689223055,0.18480778138026865,541.4081389152976,0.3649619885010645,16.98907101523273
4.461152882205513,0.1831115190454337,548.9044233782258,0.3646200927294437,17.017872073833367
4.511278195488721,0.1814461118690314,556.4325812015909,0.3642831684263928,17.046063307596665
4.56140350877193,0.17981072555205047,564.000094225063,0.3639523175672906,17.073662640449687
4.611528822055138,0.1782045556051809,571.5995096037815,0.3636206334613287,17.100687628371542
4.661654135338345,0.17662682602921648,579.2328786758884,0.3632899568067065,17.127155569027575
4.711779448621554,0.17507678806494076,586.9024893741524,0.3629650840424682,17.153082613997775
4.761904761904762,0.17355371900826447,594.6026699826659,0.36264586369692037,17.178484111972764
4.81203007518797,0.1720569210866753,602.3411003969899,0.36233214952378395,17.203374813105945
4.8621553884711775,0.1705857203933305,610.1087766261899,0.36201632976261605,17.22776934658943
4.912280701754385,0.16913946587537093,617.9142912647548,0.3616990438664809,17.25168217238991
4.962406015037594,0.1677175283732661,625.7499260955329,0.3613833721076805,17.27512699605005
5.012531328320802,0.16631929970821177,633.6205051847744,0.3610729637379389,17.29811673745707
5.0626566416040095,0.16494419181479952,641.5243576440945,0.3607676882060599,17.320663614637034
5.112781954887218,0.16359163591635917,649.4576226490486,0.3604674192429695,17.342779518048157
5.162907268170426,0.16226108174054493,657.4296929523942,0.36017203468757464,17.364475837119826
5.213032581453634,0.1609519967728923,665.4307252535455,0.3598783846804726,17.385763715533855
5.263157894736842,0.1596638655462185,673.4629270558042,0.3595806891215884,17.406654433797872
5.313283208020049,0.15839618896387458,681.5321886927942,0.35928309912681156,17.4271588219013
5.363408521303258,0.15714848365498227,689.6309785100954,0.3589901974344337,17.447286968445106
5.413533834586466,0.1559202813599062,697.759563962516,0.35870187411942794,17.467048527533372
5.463659147869674,0.15471112834431952,705.9239788686584,0.35841802266661693,17.486452746389684
5.513784461152882,0.1535205848403232,714.1204396060174,0.3581385398394744,17.50550853980924
5.56390977443609,0.15234822451317298,722.3469713153174,0.35785606901240474,17.524224905366427
5.614035087719298,0.15119363395225466,730.6037662014046,0.35757525982384103,17.54261067221214
5.664160401002506,0.150056412185032,738.8918620298326,0.3572986749179184,17.56067407111806
5.7142857142857135,0.14893617021276598,747.2153046848613,0.3570244643800676,17.57842297287121
5.764411027568922,0.14783253056687662,755.5690166378171,0.3567489823529425,17.595865213841023
5.81453634085213,0.14674512688488414,763.953106922766,0.3564775530220605,17.613008373029885
5.864661654135338,0.1456736035049288,772.3676572970962,0.35621008760984785,17.629859587315934
5.9147869674185465,0.14461761507792678,780.8127206033679,0.3559392489210369,17.646426031923692
5.964912280701754,0.14357682619647355,789.2883469325202,0.35567013033546024,17.662714734050574
6.015037593984962,0.14255091103965703,797.7945626705168,0.35540485767465074,17.678732241650845
6.06516290726817,0.14153955303299043,806.3313716930722,0.3551433490813944,17.6944848274594
6.115288220551378,0.14054244452271927,814.8987582820655,0.35488552500512643,17.70997857711889
6.165413533834586,0.13955928646379853,823.4973598435763,0.35463130812125127,17.725219390228318
6.215538847117794,0.1385897881208753,832.1264418422743,0.35437781951223335,17.74021308490087
6.265664160401002,0.13763366678164884,840.7854174516707,0.35412084341879246,17.754965543142426
6.315789473684211,0.1366906474820144,849.4741863418457,0.3538631333078442,17.769482519838828
6.365914786967418,0.1357604627424294,858.1926292015402,0.35360893064992,17.783769376388474
6.416040100250626,0.13484285231497128,866.9417750348265,0.3533581643239719,17.797831177088614
6.466165413533834,0.1339375629405841,875.7210841270784,0.35311076511888234,17.811672838433978
6.516290726817042,0.13304434811603869,884.5301272168098,0.35286666566977937,17.825299146005133
6.5664160401002505,0.1321629678701557,893.3687066891957,0.3526258003968818,17.838714755929214
6.616541353383458,0.13129318854886476,902.2366038262722,0.3523881054467601,17.851924197458043
6.666666666666666,0.13043478260869565,911.1335732932987,0.3521482056697122,17.864932027767296
6.716791979949875,0.12958752841831764,920.0593563775597,0.3519091481537049,17.87774274290727
6.7669172932330826,0.1287512100677638,929.0136682028839,0.35166771479020875,17.890360715737746
6.81704260651629,0.1279256171849952,937.996206773566,0.3514286629932125,17.902790156568834
6.867167919799498,0.12711054475947756,947.0066455001127,0.3511926574121703,17.915035013156256
6.917293233082706,0.12630579297245964,956.048848393198,0.35095964018922937,17.927099085083732
6.967418546365915,0.1255111670336584,965.1215397193323,0.35072955492253804,17.93898605474707
7.017543859649122,0.12472647702407001,974.2216725064374,0.35050234662073193,17.95069953420051
7.06766917293233,0.1239515377446412,983.3488356263514,0.350273502701215,17.96224317325932
7.117794486215539,0.12318616857054647,992.5025992629263,0.35004392695179665,17.97362061691269
7.167919799498747,0.12243019331083153,1001.6859915426837,0.3498171689470781,17.98483528486216
7.2180451127819545,0.12168344007319305,1010.9019802415121,0.3495931771272296,17.99589038568596
7.268170426065162,0.1209457411336769,1020.1438531581872,0.3493719011827354,18.006789066300335
7.31829573934837,0.1202169328110877,1029.4110931512516,0.3491500409944004,18.017534508252883
7.368421052631579,0.11949685534591195,1038.705858679358,0.3489283744616743,18.02812985881151
7.4185463659147866,0.11878535278356656,1048.0349593224541,0.34870934760185945,18.038578062204632
7.468671679197994,0.11808227286179344,1057.388498631497,0.34849291354298945,18.048881946317255
7.518796992481203,0.11738746690203,1066.7658711467463,0.34827156613410715,18.059044485696912
7.568922305764411,0.116700789704592,1076.176309631538,0.34805261666071025,18.069068541695998
7.619047619047619,0.11602209944751382,1085.614728827652,0.3478362138517321,18.07895671749422
7.669172932330826,0.11535125758889853,1095.075835590023,0.3476223135325946,18.088711595758816
7.719298245614034,0.11468812877263583,1104.5672912532714,0.3474108725445194,18.09833568565445
7.769423558897243,0.11403258073735353,1114.088781090913,0.3472018487154962,18.107831403331772
7.819548872180451,0.113384484228474,1123.6316466338362,0.34699520083224195,18.117201144855887
7.8696741854636585,0.11274371291325234,1133.2062623178158,0.34679088861311036,18.12644724209489
7.919799498746867,0.11211014329867941,1142.8085999515101,0.34658664487546975,18.135571989539606
7.969924812030075,0.11148365465213746,1152.4308297706611,0.34637634709012416,18.144577838579675
8.020050125313283,0.11086412892470131,1162.0905167034377,0.3461680277760874,18.153467105114196
8.070175438596491,0.1102514506769826,1171.7710611393486,0.34596201096897566,18.16224187929951
8.120300751879698,0.10964550700741964,1181.4779871084124,0.3457582587049484,18.170904237847008
8.170426065162907,0.10904618748291883,1191.2163117103862,0.34555673385020264,18.179456170369594
8.220551378446114,0.10845338407175864,1200.9720001254545,0.3453574000784115,18.187899652325306
8.270676691729323,0.10786699107866991,1210.7669141233011,0.34516022184889433,18.196236587471123
8.320802005012531,0.10728690508201129,1220.5788094778254,0.3449651643854919,18.204468836268994
8.370927318295738,0.1067130248729607,1230.4230479985188,0.34477219365611894,18.212598241480894
8.421052631578947,0.10614525139664804,1240.290360852798,0.3445785565045436,18.220626631145727
8.471177944862156,0.10558348769515745,1250.184734182531,0.3443831344278033,18.22855587611137
8.521303258145362,0.10502763885232957,1260.1065790171292,0.3441897699670328,18.23638774179228
8.571428571428571,0.1044776119402985,1270.0518471306164,0.34399653272600006,18.24412393017567
8.62155388471178,0.10393331596769992,1280.0272397701474,0.34380223161259876,18.2517661492354
8.671679197994987,0.10339466182948952,1290.0241029024671,0.3436099445040008,18.259316041457044
8.721804511278195,0.102861562258314,1300.051961978109,0.343419640247773,18.266775158939332
8.771929824561402,0.10233393177737883,1310.1010661775724,0.3432312883306704,18.274145020148275
8.822055137844611,0.10181168665475887,1320.1802055181079,0.3430448588623262,18.281427113886128
8.87218045112782,0.1012947448591013,1330.2821391697037,0.34286032255943866,18.288622892180065
8.922305764411027,0.10078302601667088,1340.411267262896,0.3426751591243687,18.29573382300397
8.972431077694235,0.10027645136969088,1350.5665595709609,0.34248784635334,18.302761395667233
9.022556390977442,0.099774943735934,1360.7442795751447,0.34230240717842064,18.30970703992187
9.072681704260651,0.09927842746951979,1370.9534105690573,0.34211881362853164,18.31657207927757
9.12280701754386,0.09878682842287695,1381.1782201417473,0.3419370382866137,18.32335782574502
9.172932330827066,0.09830007390983002,1391.4416102969496,0.34175705427597863,18.330065547121237
9.223057644110275,0.09781809266977201,1401.7190713871278,0.3415788352470609,18.33669648784417
9.273182957393484,0.09734081483288606,1412.0299071632032,0.34140058798742584,18.343251905461845
9.32330827067669,0.0968681718863802,1422.3624030484796,0.34122123622101846,18.349733053650272
9.3734335839599,0.09640009664170089,1432.7168783680163,0.3410436177405875,18.356141160206924
9.423558897243108,0.09593652320269296,1443.1046966418994,0.34086770754080503,18.36247736072494
9.473684210526315,0.09547738693467338,1453.5076792005734,0.34068853362073903,18.368742850880363
9.523809523809524,0.09502262443438914,1463.9442996124321,0.34050993915885186,18.37493881687274
9.57393483709273,0.0945721735008296,1474.4031927647413,0.34033303793670766,18.381066336012918
9.62406015037594,0.09412597310686484,1484.8793898206532,0.34015780598771417,18.387126482437896
9.674185463659148,0.0936839633716835,1495.3943438462277,0.3399842197954616,18.393120275519266
9.724310776942355,0.09324608553400328,1505.9254274762627,0.33981225628320205,18.399048716382048
9.774436090225564,0.0928122819260293,1516.4790683612705,0.3396418928036223,18.40491281870131
9.82456140350877,0.09238249594813615,1527.0666115409151,0.3394731071289009,18.410713541735216
9.87468671679198,0.09195667204424983,1537.6708427132953,0.33930587744104024,18.416451836937014
9.924812030075188,0.09153475567790778,1548.2991316211828,0.3391401823224648,18.42212865582954
9.974937343358395,0.09111669330897466,1558.9601098680885,0.3389760007468771,18.427744902059477
10.025062656641603,0.09070243237099342,1569.638288281807,0.3388087724467675,18.43330153008238
10.075187969924812,0.09029192124915139,1580.3381411559114,0.33863888023689,18.43879954601762
10.125313283208019,0.08988510925884209,1591.0732411209472,0.3384705189322603,18.44423984822964
10.175438596491228,0.08948194662480377,1601.8260129467596,0.33830366793312183,18.44962327320785
10.225563909774436,0.08908238446081715,1612.5966760336803,0.33813830700765285,18.4549506708746
10.275689223057643,0.08868637474994444,1623.403817388779,0.3379744162837884,18.46022284405783
10.325814536340852,0.0882938703252932,1634.2316735705263,0.33781197624125925,18.465440575832037
10.375939849624059,0.08790482485128884,1645.0778342514243,0.3376509677038417,18.470604663897007
10.426065162907268,0.0875191928054398,1655.9490290957312,0.3374913718318105,18.475715884074244
10.476190476190476,0.08713692946058091,1666.8523012917344,0.33733317011459074,18.48077497660199
10.526315789473683,0.08675799086757992,1677.7742480984923,0.3371763443636003,18.48578267775384
10.576441102756892,0.08638233383849318,1688.715058770482,0.33702087670527914,18.490739730027833
10.626566416040099,0.08600991593015737,1699.6842948968083,0.3368590953904319,18.49564693148768
10.676691729323307,0.08564069542820349,1710.682154460493,0.3366983095770745,18.500505055045142
10.726817042606516,0.08527463133148108,1721.6991925189272,0.3365388982951414,18.50531478834161
10.776942355889723,0.08491168333688019,1732.7355819313955,0.33638084399368867,18.510076815223282
10.827067669172932,0.08455181182453911,1743.7971525178393,0.33622412941930907,18.5147917987985
10.87719298245614,0.08419497784342689,1754.8903453247754,0.33606873760985356,18.51946037382977
10.927318295739347,0.08384114309728935,1766.0031484226708,0.3359146518883111,18.524083171276107
10.977443609022556,0.0834902699309479,1777.1357184477129,0.33576185585684226,18.528660826507675
11.027568922305765,0.08314232131694103,1788.2882082301653,0.3356103333909618,18.533193962966436
11.077694235588972,0.08279726084249844,1799.472220721131,0.3354600686338664,18.537683178242872
11.12781954887218,0.08245505269683819,1810.6811246703696,0.3353110459909028,18.542129053312983
11.177944862155387,0.08211566165877754,1821.9101395467524,0.3351632501241727,18.546532173207932
11.228070175438596,0.0817790530846485,1833.15940089916,0.3350120581962022,18.55089316318427
11.278195488721805,0.08144519289650949,1844.429042463587,0.3348589682805362,18.555212666928586
11.328320802005011,0.08111404757064444,1855.7264557074216,0.33470712325135654,18.559491262595063
11.37844611528822,0.08078558412634136,1867.0518378620889,0.33455650798552317,18.5637294792586
11.428571428571427,0.08045977011494254,1878.3977243260792,0.3344071076038667,18.567927845349267
11.478696741854636,0.08013657360915848,1889.7642325851202,0.3342589074662886,18.5720868885507
11.528822055137844,0.07981596319263853,1901.1514765286877,0.3341118931669788,18.576207127184535
11.578947368421051,0.07949790794979081,1912.5595664572222,0.3339660505297476,18.58028907042842
11.62907268170426,0.07918237745584442,1923.9941257945652,0.3338213656034688,18.58433321275676
11.679197994987469,0.07886934176714766,1935.4569345889229,0.333677824657631,18.588340032679557
11.729323308270676,0.07855877141169522,1946.940631663065,0.333535414177994,18.592310006613708
11.779448621553884,0.0782506373798784,1958.4453116761679,0.33339412086234704,18.59624361052192
11.829573934837093,0.07794491111545224,1969.9710657531718,0.3332539316163672,18.600141312179527
11.8796992481203,0.07764156450671338,1981.5179803599126,0.3331105928225951,18.60400360805688
11.929824561403509,0.0773405698778833,1993.0861400677343,0.33296526532349285,18.60783101246217
11.979949874686715,0.07704189998069126,2004.6756261922867,0.3328210602611476,18.611623993779425
12.030075187969924,0.07674552798615118,2016.2966298035233,0.33267796468187477,18.61538297632749
12.080200501253133,0.07645142747652807,2027.9391443010475,0.3325359658305519,18.619108377429267
12.13032581453634,0.07615957243748808,2039.6029207788035,0.3323950511468284,18.622800617236717
12.180451127819548,0.07586993725042784,2051.288024138064,0.33225520826142185,18.626460109239193
12.230576441102755,0.07558249668497823,2062.9945158072255,0.33211642499249877,18.630087260115456
12.280701754385964,0.07529722589167769,2074.7224537507805,0.33197868934213715,18.633682469880437
12.330827067669173,0.07501410039481106,2086.4718924697454,0.33184198949286864,18.637246132028015
12.38095238095238,0.07473309608540926,2098.2428830074286,0.3317063138042989,18.64077863366999
12.431077694235588,0.07445418921440568,2110.03547295652,0.33157165080980316,18.644280355671345
12.481203007518797,0.07417735638594534,2121.849706467487,0.3314379892132959,18.647751672781947
12.531328320802004,0.07390257455084276,2133.6892919404854,0.3313053178860719,18.651192950819883
12.581453634085213,0.07362982100018454,2145.553695996251,0.3311676160130264,18.65460459345633
12.631578947368421,0.07335907335907335,2157.4395435792076,0.33102997500486525,18.65798700809071
12.681704260651628,0.07309030958050926,2169.3468629936424,0.3308933425404532,18.66134055191131
12.731829573934837,0.07282350793940501,2181.2756788032316,0.33075770757532513,18.664665569218972
12.781954887218044,0.07255864702673213,2193.2260120827705,0.33062305922569163,18.667962398954067
12.832080200501252,0.07229570574379417,2205.197880425911,0.33048938676552825,18.671231374805398
12.882205513784461,0.07203466329662395,2217.1912979414546,0.3303566796237268,18.674472825316336
12.932330827067668,0.0717754991905019,2229.2062752490765,0.33022492738130865,18.677687073988295
12.982456140350877,0.07151819322459223,2241.2428194744,0.3300941197686981,18.68087443938161
13.032581453634084,0.07126272548669406,2253.3009342490823,0.3299642466630539,18.684035235213873
13.082706766917292,0.07100907634810465,2265.380619700019,0.32983529808565776,18.68716977045585
13.132832080200501,0.07075722645859195,2277.4818724481124,0.3297072641993586,18.690278349425018
13.182957393483708,0.07050715674147376,2289.6046855959717,0.3295801353060709,18.693361271876828
13.233082706766917,0.07025884838880085,2301.749048728008,0.329453901844326,18.696418833093713
13.283208020050125,0.07001228285664152,2313.914947240142,0.32932580666652855,18.69945134275764
13.333333333333332,0.06976744186046512,2326.10236376198,0.32919475324987224,18.702459131960794
13.38345864661654,0.06952430737062207,2338.3112777165,0.3290646132565765,18.705442507776418
13.43358395989975,0.06928286160791804,2350.541664613431,0.32893537717016247,18.70840174643579
13.483709273182956,0.06904308703928015,2362.793496284876,0.3288070356058901,18.71133712015488
13.533834586466165,0.06880496637351267,2375.0667409793637,0.3286795793084863,18.71424889721032
13.583959899749372,0.0685684825571404,2387.361363353736,0.32855299914992014,18.717137342013526
13.63408521303258,0.06833361877033739,2399.6773244594747,0.3284272861272236,18.720002715183078
13.68421052631579,0.06810035842293907,2412.0145817279777,0.328302431360357,18.722845273615437
13.734335839598996,0.0678686851505358,2424.373088950355,0.3281784260901182,18.725665270553993
13.784461152882205,0.06763858281064587,2436.752796278585,0.32805526167609395,18.72846295565654
13.834586466165412,0.06741003547896605,2449.15365019657,0.32793292959465303,18.7312385750612
13.88471177944862,0.06718302744569793,2461.5755935015486,0.32781142143698005,18.73399237145085
13.93483709273183,0.06695754321194831,2474.01856530345,0.32769072890714845,18.736724584116065
13.984962406015036,0.06673356748620171,2486.482500996267,0.32757084382023266,18.739435449016664
14.035087719298245,0.06651108518086347,2498.9673318460805,0.3274505338068822,18.742125206289373
14.085213032581454,0.06629008140887191,2511.472985659234,0.3273259872254283,18.744794123100874
14.13533834586466,0.06607054148037755,2523.999386913878,0.32720226559235305,18.74744245520033
14.185463659147869,0.06585245089948837,2536.5464561491526,0.3270793607385025,18.750070424198256
14.235588972431078,0.06563579536107912,2549.114109910823,0.32695726460222957,18.752678248695545
14.285714285714285,0.06542056074766356,2561.702260911057,0.3268359692276308,18.75526614433657
14.335839598997493,0.06520673312632783,2574.3108180144063,0.3267154667628186,18.75783432386107
14.3859649122807,0.06499429874572407,2586.9396862083313,0.3265957494582267,18.760382997154874
14.436090225563909,0.06478324403312226,2599.588766591406,0.32647680966494896,18.762912371299567
14.486215538847118,0.06457355559151966,2612.257956339203,0.3263586398331101,18.76542265062104
14.536340852130325,0.06436522019680595,2624.947148690767,0.3262412325102685,18.767914036737047
14.586466165413533,0.06415822479498312,2637.660214841704,0.326124580339849,18.77038672674429
14.63659147869674,0.06395255649943903,2650.3974895043907,0.3260086760596069,18.77284091312497
14.686716791979949,0.06374820258827289,2663.154867713165,0.32589351250012055,18.775276787540733
14.736842105263158,0.06354515050167224,2675.9322309626673,0.32577908258331284,18.7776945410187
14.786967418546364,0.06334338783933958,2688.72945672076,0.3256653793210014,18.780094362107395
14.837092731829573,0.06314290235796803,2701.546418094358,0.32555144013675674,18.782476442083382
14.887218045112782,0.06294368196876479,2714.3829843754124,0.3254332392797027,18.784840996445208
14.937343358395989,0.06274571473502123,2727.2390210522412,0.3253157819411707,18.787188232517174
14.987468671679197,0.0625489888697288,2740.114389436514,0.3251990611277276,18.78951832804816
15.037593984962406,0.06235349273323957,2753.008946501994,0.32508306993337144,18.791831458533807
15.087719298245613,0.06215921483097056,2765.922545041496,0.32496780153817,18.794127797253573
15.137844611528822,0.06196614381115081,2778.8550336264298,0.3248532492069239,18.796407515307035
15.187969924812029,0.06177426846261031,2791.815428859353,0.3247394062878545,18.79867077794495
15.238095238095237,0.06158357771260997,2804.798502272407,0.32462626621131685,18.80091774675793
15.288220551378446,0.0613940606247115,2817.8004780136835,0.3245138224885354,18.803148584895318
15.338345864661653,0.061205706396686606,2830.8211923368212,0.3244020687103637,18.805363454946978
15.388471177944862,0.0610185043584646,2843.860477184398,0.32429099854606674,18.807562517497917
15.438596491228068,0.0608324439701174,2856.9181601451405,0.3241806057421253,18.8097459311603
15.488721804511277,0.06064751481988144,2869.994064422193,0.3240708841210624,18.811913852604835
15.538847117794486,0.060463706622215486,2883.088008803742,0.3239618275802908,18.814066436591553
15.588972431077693,0.06028100921589365,2896.1998076215036,0.3238534300909818,18.816203836000014
15.639097744360901,0.060099412562132845,2909.344540671857,0.32374568569695406,18.818326196308785
15.68922305764411,0.059918906742754165,2922.50852483254,0.3236370746027385,18.82043366792402
15.739348370927317,0.05973948195837701,2935.690308725928,0.323524999093301,18.822526424422417
15.789473684210526,0.05956112852664577,2948.8896940432414,0.32341359279126425,18.824604630297102
15.839598997493734,0.05938383688048817,2962.1064777877036,0.3233028497206729,18.826668428332
15.889724310776941,0.059207597566404514,2975.34045223977,0.3231927639765133,18.82871795962234
15.93984962406015,0.05903240124278739,2988.5914050337233,0.323083329723664,18.830753363600632
15.989974937343357,0.05885823867827114,3001.8694237731247,0.3229745411958647,18.83277477460448
16.040100250626566,0.05868510075011031,3015.173669937516,0.32286639269470346,18.834782322222644
16.090225563909772,0.0585129784425869,3028.4947885343868,0.3227588785886216,18.836776137877933
16.140350877192983,0.058341862845445236,3041.8325538568934,0.32265199331193634,18.83875635453139
16.19047619047619,0.05817174515235457,3055.1867354109786,0.32254573136388026,18.84072310360613
16.240601503759397,0.058002616659398175,3068.5570978740802,0.3224400873076576,18.842676515010425
16.290726817042607,0.05783446876358892,3081.943401053179,0.3223350557695171,18.844616717160374
16.340852130325814,0.05766729296141061,3095.3675648273966,0.3222306314378408,18.846543830125732
16.39097744360902,0.05750108084738435,3108.8081092430607,0.3221268090622485,18.8484579723927
16.441102756892228,0.057335824112659875,3122.264435573825,0.322023583452718,18.85035926787242
16.49122807017544,0.0571715145436309,3135.7362897465346,0.3219209494787199,18.852247839181985
16.541353383458645,0.05700814402057437,3149.2234126178173,0.32181890206836805,18.85412380755542
16.591478696741852,0.05684570451631287,3162.726388681133,0.3217149102774075,18.855987303364238
16.641604010025063,0.05668418809489984,3176.268405768234,0.32160869840092304,18.857838460269445
16.69172932330827,0.056523586910327245,3189.8254966836407,0.3215030883766924,18.8596773996749
16.741854636591476,0.056363893205254985,3203.3973880759836,0.3213980751035521,18.86150423662257
16.791979949874687,0.05620509930976194,3216.983801409216,0.32129365353782496,18.86331908488541
16.842105263157894,0.056047197640118,3230.584452918664,0.3211898186925121,18.865122056985662
16.8922305764411,0.055890180697576695,3244.2134812703557,0.3210865656364992,18.866913260242804
16.94235588972431,0.055734041067188156,3257.869657608253,0.32098388949377593,18.8686927971726
16.992481203007518,0.055578771416631846,3271.539830928494,0.3208817854426683,18.870460773050997
17.042606516290725,0.05542436449506877,3285.223702671998,0.32078024871508404,18.87221729555026
17.092731829573935,0.05527081313201274,3298.920968878998,0.32067927459577006,18.873962471179492
17.142857142857142,0.05511811023622047,3312.642118753534,0.32057885842158285,18.875696402483996
17.19298245614035,0.05496624879459981,3326.395395012408,0.3204789955807704,18.877419185941438
17.24310776942356,0.05481522187113614,3340.161786657935,0.3203796815122663,18.87913091972467
17.293233082706767,0.054665022605836416,3353.940974485728,0.3202809117049953,18.880831705837714
17.343358395989974,0.0545156442136904,3367.7326337087447,0.3201826816971901,18.88252164520146
17.39348370927318,0.05436707998364901,3381.551828077113,0.32008498707572,18.884200833858753
17.44360902255639,0.05421932327761924,3395.399906790024,0.3199878234754291,18.885869362695114
17.493734335839598,0.05407236752947554,3409.2601389290085,0.3198911865784872,18.887527325364264
17.543859649122805,0.05392620624408705,3423.132183902168,0.3197914015617434,18.88917483245288
17.593984962406015,0.053780832996360696,3437.0156953694145,0.3196907650458565,18.89081199850738
17.644110275689222,0.053636241430299776,3450.9388302480706,0.31959066965923905,18.89243891619201
17.69423558897243,0.05349242525807749,3464.879094413789,0.3194911110490614,18.894055670548802
17.74436090225564,0.05334937825912555,3478.83046763541,0.3193920849090545,18.895662352360944
17.794486215538846,0.053207094279237234,3492.792587388735,0.319293586978889,18.8972590528119
17.844611528822053,0.05306556722968481,3506.7788921621122,0.3191956130435641,18.898845859039433
17.894736842105264,0.052924791086350974,3520.7980402615694,0.31909815893280646,18.900422852226036
17.94486215538847,0.05278475988887419,3534.827546961647,0.31900122052047863,18.901990115763862
17.994987468671678,0.05264546773980737,3548.8670331125136,0.31890479372399627,18.90354773718902
18.045112781954884,0.05250690880378998,3562.919991487954,0.3188088745037554,18.90509580231523
18.095238095238095,0.05236907730673317,3577.0167365317006,0.3187134588625682,18.906634388687323
18.145363408521302,0.05223196753501767,3591.123042257111,0.3186185428451076,18.90816357383527
18.19548872180451,0.05209557383470428,3605.238512481288,0.31852412253736084,18.909683441843935
18.24561403508772,0.05195989061075661,3619.362744733592,0.31843019406609147,18.91119407596165
18.295739348370926,0.051824912326276146,3633.5345023617397,0.3183367535983097,18.91269555054231
18.345864661654133,0.05169063350174894,3647.716130995044,0.31824379734075087,18.914187938890723
18.395989974937343,0.05155704871430417,3661.906060252476,0.31815132153936243,18.915671321582867
18.44611528822055,0.05142415259698415,3676.1038700420427,0.31805932247879826,18.91714577864188
18.496240601503757,0.051291939838025456,3690.350212581566,0.31796779648192125,18.918611381175133
18.546365914786968,0.0511604051801513,3704.6055435981198,0.3178720656493663,18.9200682149463
18.596491228070175,0.051029543419874666,3718.868261231403,0.31777670151261506,18.921516373244792
18.64661654135338,0.0508993494068121,3733.141897135385,0.31768182398965,18.922955932158413
18.696741854636592,0.050769818043008015,3747.462292303359,0.3175874293653894,18.924386958975184
18.7468671679198,0.050640944282269326,3761.7895589932427,0.31749351396247294,18.9258095210296
18.796992481203006,0.05051272312951007,3776.1232473052414,0.3174000741407841,18.92722369259719
18.847117794486216,0.05038514964010607,3790.4773027611036,0.3173071062969797,18.928629544583572
18.897243107769423,0.050258218919259356,3804.8687159008155,0.3172146068640272,18.9300271414141
18.94736842105263,0.05013192612137204,3819.2660018755423,0.3171225723107477,18.93141654949755
18.997493734335837,0.05000626644942976,3833.6686919468493,0.31703099914136734,18.932797840354034
19.047619047619047,0.0498812351543943,3848.1065819554356,0.31693988389507427,18.93417107944609
19.097744360902254,0.049756827534605315,3862.5669972035626,0.3168492231455828,18.935536328489466
19.14786967418546,0.04963303893519095,3877.0322333873664,0.31675901350070373,18.936893653940682
19.19799498746867,0.04950986474748728,3891.503905403483,0.31666925160192166,18.938243124339202
19.24812030075188,0.049387300408466395,3906.0269372806188,0.31657993412397767,18.939584799454167
19.298245614035086,0.049265341400172864,3920.5541842949924,0.3164910577744592,18.940918738798263
19.348370927318296,0.04914398324916862,3935.0851458147104,0.31640261929339497,18.94224500940305
19.398496240601503,0.049023221525986,3949.646424289133,0.316314615452857,18.94356367317159
19.44862155388471,0.048903051844588805,3964.2351019261964,0.31622704305656724,18.944874787409173
19.49874686716792,0.0487834698618413,3978.8268525231933,0.3161398989395111,18.946178413344636
19.548872180451127,0.048664471276985,3993.4259586784588,0.31605241790590444,18.947474617115546
19.598997493734334,0.04854605183112301,4008.0754410718696,0.315961576672021,18.948763467755693
19.64912280701754,0.04842820730671198,4022.7273314027225,0.31587117646852414,18.950045032016995
19.69924812030075,0.04831093352706139,4037.381095754003,0.31578121409141546,18.9513193723983
19.74937343358396,0.04819422635584008,4052.0755546886444,0.31569168636765677,18.95258654470255
19.799498746867165,0.048078081696589954,4066.786889943716,0.315602590154797,18.95384660180778
19.849624060150376,0.04796249549224667,4081.499396988283,0.31551392234060466,18.955099602196256
19.899749373433583,0.04784746372466723,4096.235694471345,0.3154256798427054,18.956345602682113
19.94987468671679,0.04773298241416438,4111.005732913532,0.3153378596082247,18.95758465454899
20.0,0.047619047619047616,4125.776216459919,0.315250458613436,18.95881681208153
