z,a,D,f,Omega_m,gamma,D_LCDM,f_LCDM,gamma_LCDM,ratio_gamma
0.0,1.0,0.994702512075215,0.32343904166480664,0.3265470887980345,0.977254310837013,0.9947568072346058,0.31771321933274443,0.9904852919151748,1.0135389334500142
0.010033444816053512,0.990066225165563,0.9916895654964506,0.3551034173387525,0.3355392453310399,0.9258371181455188,0.9917957912531624,0.34844965396719296,0.9369955666206295,1.0120522803162844
0.020066889632107024,0.980327868852459,0.9881032895983479,0.39835570681666677,0.34455090088503537,0.8543291663635485,0.9882773177595601,0.3903392708134824,0.8634514279590455,1.010677689530753
0.030100334448160536,0.9707792207792209,0.9839715845171331,0.450532928415674,0.3535753116563261,0.7691412304087313,0.9842304843719535,0.44073836992048343,0.7765839593899663,1.0096766740449994
0.04013377926421405,0.9614147909967846,0.9793402838432882,0.5070825775431347,0.3626059276302638,0.6798637771878672,0.9797019377916948,0.4951688514078571,0.6862673134557772,1.0094188519564862
0.05016722408026756,0.9522292993630573,0.9742731291313819,0.5615976771248203,0.3716364148461402,0.5983637598718816,0.974755794549626,0.5473593569912941,0.6045956125784637,1.0104148230967671
0.06020066889632107,0.943217665615142,0.9688517401840109,0.6034364726645407,0.3806719369268953,0.5379421401391113,0.9694735604209984,0.5869023461166263,0.5450390366447228,1.0131926762677044
0.07023411371237459,0.9343750000000001,0.9631755824060154,0.6289718064164316,0.38969722024651393,0.49970632377719837,0.9639540482397614,0.6102779224427606,0.507791504565033,1.0161798648588636
0.0802675585284281,0.9256965944272446,0.9573619277254644,0.6426755109007584,0.398703705364171,0.48323211695044893,0.958313293773971,0.621929697019649,0.49208978225877265,1.0183300426391817
0.0903010033444816,0.9171779141104295,0.9515458039204628,0.6472913184468907,0.40768604343773746,0.4846383575559996,0.9526844695602532,0.6246178192949269,0.49386070300828333,1.0190293345718475
0.10033444816053512,0.9088145896656535,0.9458799530279332,0.6461138645831516,0.41663090851332196,0.4974427068099401,0.9472177980583244,0.6216351294044994,0.5066047930214371,1.0184183747918483
0.11036789297658864,0.9006024096385543,0.9405347801693421,0.642617436729553,0.4255418028964534,0.5138511836340063,0.9420804632768126,0.6164379895437331,0.5226865847919134,1.0171944746637
0.12040133779264214,0.8925373134328359,0.9352069147456371,0.6400154598447753,0.43442692757837176,0.5287000798505894,0.9369705778919244,0.6122098372085559,0.537113835423848,1.0159140425619688
0.13043478260869565,0.8846153846153847,0.9298975575605103,0.6407440473089876,0.4432595274289197,0.5399392707585096,0.9318885175665996,0.6113532508309928,0.5479432823821916,1.0148239108676758
0.14046822742474918,0.8768328445747802,0.9246077516565937,0.6458691617885811,0.45204303613115404,0.546569089350353,0.9268346346434596,0.6149070082443953,0.5542588457925172,1.0140691389103327
0.1505016722408027,0.8691860465116278,0.9193386109935713,0.654411576053884,0.4607613103977856,0.5488878103196796,0.9218092599548012,0.6218856899846329,0.5563996744008438,1.0136856092263904
0.1605351170568562,0.8616714697406341,0.9140910791317267,0.6625887055822232,0.469421087594167,0.5481660853919917,0.9168127029325698,0.6285409948797654,0.5556263099985986,1.0136094238688118
0.1705685618729097,0.8542857142857142,0.9088661574007452,0.6691979348201176,0.4780107077139907,0.5461296789653044,0.9118452518516568,0.6336870938339527,0.5536152018683248,1.013706493514878
0.1806020066889632,0.8470254957507083,0.9036647589154472,0.6756983736205843,0.48654680553367446,0.5443397652518598,0.9069071750585037,0.6387709223060678,0.551857941742368,1.0138115511128047
0.19063545150501673,0.8398876404494381,0.8984877395189922,0.682089737413763,0.4950006102552412,0.5436168806926291,0.9019987204082146,0.6437925004969954,0.5511246430962717,1.0138107602436424
0.20066889632107024,0.8328690807799443,0.8933359472117228,0.6883717993680621,0.5033807543803679,0.5437778182118737,0.8971201167256609,0.648751888119837,0.5512264571076113,1.0136979454591055
0.21070234113712374,0.8259668508287292,0.8882101864390399,0.694544490923663,0.5116709422826204,0.5439670124066925,0.8922715740714715,0.6536491802850416,0.5513501541338646,1.013572774743282
0.22073578595317728,0.8191780821917808,0.8831111670386399,0.7006081053293786,0.5198777328940044,0.5439203689739847,0.8874532843930689,0.6584845080460656,0.5512482911971074,1.0134724173631255
0.23076923076923078,0.8125,0.8780396090005482,0.7065624804659965,0.5280030970538129,0.5438761358706813,0.8826654215677668,0.6632580296879244,0.551148578494759,1.0133715052829728
0.2408026755852843,0.8059299191374663,0.8729961765313221,0.7124080953493274,0.536041133938708,0.5438371717525893,0.8779081427960581,0.6679699368359113,0.5510509668698754,1.0132646231114337
0.2508361204013378,0.7994652406417112,0.8679814947190556,0.7181454875854288,0.5439895345064796,0.5438025091760529,0.8731815880155893,0.6726204609430021,0.550955414243138,1.0131534977246113
0.2608695652173913,0.793103448275862,0.8629961540356389,0.7237749059680152,0.5518403461088577,0.543771740802217,0.8684858812947026,0.6772098554703283,0.5508618775614249,1.013038810639089
0.2709030100334448,0.7868421052631579,0.8580407021254839,0.729297076584043,0.5595866102669514,0.5437415896087473,0.8638211309911878,0.681738397919621,0.5507703142162081,1.012926590023247
0.28093645484949836,0.7806788511749347,0.8531156503655286,0.7347130203177537,0.5672347036778074,0.5437116540673251,0.859187430468607,0.6862063965675256,0.5506806816375849,1.012817506334703
0.29096989966555187,0.7746113989637305,0.8482214674557762,0.7400235661839185,0.5747825754229745,0.5436836000797443,0.854584857987648,0.6906141813776067,0.5505929395685635,1.0127083831254167
0.3010033444816054,0.768637532133676,0.8433585935712241,0.7452297477880665,0.5822242367290049,0.5436598622017352,0.8500134780498988,0.6949621076931821,0.5505070497582396,1.0125946166575077
0.3110367892976589,0.7627551020408163,0.8385274287115229,0.7503325517872278,0.5895659246179161,0.543641570043513,0.8454733416780109,0.6992505524837709,0.5504229769611046,1.0124740404179335
0.3210702341137124,0.7569620253164557,0.8337283512571994,0.7553330301215396,0.5968084230944689,0.5436276518293619,0.8409644861692782,0.7034799150840196,0.5503406774761028,1.0123485728221346
0.3311036789297659,0.7512562814070352,0.8289616905848247,0.760232358989117,0.6039461775351661,0.5436156391215775,0.836486936409189,0.7076506133060344,0.550260117308425,1.0122227502460823
0.3411371237458194,0.7456359102244389,0.8242277606371186,0.7650315868706306,0.6109764115558264,0.5436060342370436,0.8320407049172523,0.7117630837912633,0.5501812557502798,1.0120955638810458
0.3511705685618729,0.7400990099009901,0.8195268296952006,0.7697320093539389,0.6178925042108682,0.5435990662857322,0.8276257924110595,0.715817784826985,0.5501040579703872,1.011966524757119
0.3612040133779264,0.7346437346437347,0.8148591551619696,0.7743348958788114,0.6246982114087881,0.5435928722194441,0.8232421884839859,0.719815184786778,0.5500284879388413,1.0118390362499072
0.37123745819397996,0.7292682926829268,0.8102249438300179,0.7788415693877122,0.6313989976417171,0.5435867647582114,0.8188898712398851,0.7237557685568594,0.5499545128875482,1.0117143178277512
0.38127090301003347,0.7239709443099274,0.8056244004984124,0.7832535020969718,0.6379959780395352,0.543582958049386,0.8145688090343659,0.7276400361171629,0.5498820974420545,1.011588184102152
0.391304347826087,0.71875,0.8010576897360768,0.7875717630506871,0.6444831720272938,0.5435827922988163,0.8102789595353466,0.7314685004988579,0.5498112133133279,1.011458090842375
0.4013377926421405,0.7136038186157518,0.796524945941601,0.7917977747680578,0.6508605784970032,0.5435864769457653,0.8060202711102198,0.7352416865360992,0.5497418249367156,1.0113235855783889
0.411371237458194,0.7085308056872038,0.7920262966186972,0.7959331946639427,0.657130012430305,0.5435939613016689,0.8017926825997217,0.7389601272846114,0.5496739033055589,1.0111847121872568
0.4214046822742475,0.703529411764706,0.7875618226487259,0.7999794039125475,0.6632947638322156,0.5436044583019749,0.7975961243127123,0.7426243730994123,0.5496074157271361,1.0110428774699758
0.431438127090301,0.6985981308411215,0.7831316133800794,0.8039377516568222,0.6693506207191395,0.5436180062845406,0.7934305177875588,0.7462349788365884,0.5495423390733551,1.0108979701193224
0.44147157190635455,0.6937354988399071,0.7787357217483242,0.8078097156099582,0.6752993855835664,0.5436352332045099,0.7892957766026297,0.7497925037206854,0.5494786381088963,1.0107487604692984
0.45150501672240806,0.6889400921658987,0.7743741593719761,0.8115970366894817,0.681146891685536,0.543655390026272,0.7851918065695843,0.7532975216459453,0.5494162846141766,1.010596592425261
0.46153846153846156,0.6842105263157894,0.7700469523572913,0.8153011690030137,0.6868873535853199,0.5436769969400586,0.7811185060061037,0.7567506127244502,0.5493552521975625,1.0104441705083396
0.47157190635451507,0.6795454545454546,0.7657540994785138,0.8189234576675312,0.6925212859252297,0.5436971984127372,0.7770757662545174,0.7601523610438454,0.5492955167275398,1.0102967577010629
0.4816053511705686,0.6749435665914221,0.7614955697487293,0.8224654822058433,0.6980497106188082,0.5437165146459702,0.7730634721741882,0.7635033539830532,0.5492370504073143,1.010153334711451
0.4916387959866221,0.6704035874439462,0.7572713169587237,0.825928685272319,0.703473744671779,0.5437361333334728,0.7690815018548175,0.7668041845768651,0.5491798248712885,1.0100116420522618
0.5016722408026756,0.665924276169265,0.7530812947063967,0.8293147825097367,0.7087945989496601,0.5437571765532881,0.7651297274817223,0.7700554496041618,0.5491238164298266,1.0098695522706587
0.5117056856187291,0.6615044247787611,0.7489254347458915,0.8326252747191775,0.7140138968307737,0.5437823051371888,0.7612080155800598,0.7732577513831524,0.5490689953619395,1.0097220710839734
0.5217391304347826,0.6571428571428571,0.7448036544609996,0.8358613040912541,0.7191395858234363,0.5438136010988446,0.757316227160268,0.7764116972128209,0.5490153382830805,1.0095652943834525
0.5317725752508361,0.6528384279475983,0.7407158368434544,0.839024118121307,0.7241700378843766,0.543851317677302,0.753454218090583,0.7795178897887511,0.5489628251569346,1.009398722249057
0.5418060200668896,0.6485900216919739,0.7366618855882,0.8421154067686496,0.7291025698581877,0.5438930490717745,0.7496218392816719,0.7825769326660139,0.5489114244213866,1.0092267686784684
0.5518394648829431,0.644396551724138,0.7326416763978383,0.8451371327988223,0.7339388000010176,0.5439357126281116,0.7458189370269882,0.7855894364112436,0.5488611100835719,1.0090551095306142
0.5618729096989967,0.6402569593147751,0.7286550858707168,0.8480906198690088,0.7386804052792542,0.5439761103121915,0.7420453533339015,0.7885560096020418,0.5488118637645477,1.0088896430572676
0.5719063545150502,0.6361702127659574,0.7247019570008054,0.8509773337408063,0.7433239509067121,0.5440126436491837,0.7383009261042456,0.7914772571366704,0.5487636718951134,1.0087333048255283
0.5819397993311037,0.6321353065539111,0.7207821444355667,0.8537989803945033,0.7478714083031294,0.5440492870757179,0.7345854895322391,0.794353784370417,0.5487165108902122,1.00857867830244
0.5919732441471572,0.6281512605042017,0.7168954591339851,0.8565567303025922,0.7523286867786367,0.5440867717393371,0.730898873997245,0.797186196733906,0.5486703542605182,1.0084243594207012
0.6020066889632107,0.6242171189979123,0.7130417379368609,0.8592520068935062,0.7566998607506994,0.544125905900421,0.7272409066055566,0.799975095538904,0.5486251945690048,1.0082688374506603
0.6120401337792643,0.6203319502074689,0.7092208055774043,0.8618860721845503,0.7609883959287214,0.5441677780233171,0.7236114113379545,0.8027210849499674,0.5485810048636013,1.0081100480743552
0.6220735785953178,0.6164948453608248,0.7054324628312241,0.864459772281126,0.7651923047227509,0.5442173151263705,0.7200102092797126,0.8054247672986552,0.5485377694950349,1.0079388403282632
0.6321070234113713,0.6127049180327869,0.7016765335036458,0.8669743293464701,0.7693036908976063,0.5442732220192866,0.7164371186245666,0.8080867343779377,0.5484954692966553,1.0077575877455516
0.6421404682274248,0.6089613034623218,0.6979528073957504,0.8694315110344141,0.7733333925191332,0.5443293924336516,0.7128919552878441,0.8107075791091074,0.5484540880774476,1.0075775728834975
0.6521739130434783,0.6052631578947368,0.6942610613334016,0.8718329587244884,0.7772834259611456,0.5443837232783987,0.7093745327257516,0.8132878969847902,0.5484136008101538,1.0074026414814283
0.6622073578595318,0.6016096579476861,0.6906011006854054,0.8741796270217799,0.7811558892964112,0.5444416578653539,0.7058846620862467,0.8158282761519008,0.5483739939689453,1.0072226951166985
0.6722408026755853,0.598,0.6869726982137897,0.876472925105353,0.7849412440268594,0.5445002662422639,0.7024221529354211,0.8183292961725104,0.548335253506973,1.007043132028521
0.6822742474916388,0.5944333996023857,0.6833756178787647,0.878714363566515,0.7886467447479891,0.5445593002311447,0.6989868127903632,0.8207915365431836,0.5482973550033495,1.0068643667835957
0.6923076923076923,0.5909090909090909,0.6798096359327306,0.8809049901205395,0.7922839969771692,0.5446214831222965,0.6955784474406781,0.8232155743108083,0.5482602866420643,1.0066813440757176
0.7023411371237458,0.587426326129666,0.6762745274787446,0.8830460316059209,0.7958517282173748,0.5446836043491999,0.6921968614048182,0.8256019769127133,0.5482240340163256,1.0064999747355272
0.7123745819397993,0.583984375,0.6727700502700058,0.8851384185469501,0.7993311693016041,0.5447442035486462,0.6888418579337848,0.8279513115995151,0.5481885780808673,1.0063229209412112
0.7224080267558528,0.5805825242718446,0.6692959556912345,0.8871828932463308,0.8027438569388083,0.5448120021145272,0.6855132390177695,0.830264139776703,0.5481539035418694,1.0061340451648857
0.7324414715719064,0.5772200772200772,0.6658519977023255,0.8891808233800631,0.8060920129853275,0.5448793126497923,0.6822108055140497,0.8325410140503681,0.5481199945472703,1.0059475223636558
0.7424749163879599,0.5738963531669866,0.6624379459994316,0.8911337200348615,0.809359522357032,0.5449416123354728,0.6789343575243668,0.8347824853804028,0.5480868376593547,1.0057716739788
0.7525083612040134,0.5706106870229007,0.6590535499872605,0.8930428786593573,0.8125640607442823,0.5450073896235309,0.6756836944150344,0.8369891012948046,0.5480544156426094,1.0055907976241996
0.7625418060200669,0.5673624288425048,0.6556985557034869,0.8949094965507327,0.8157101029023246,0.5450739493111884,0.6724586148041033,0.839161400735114,0.5480227161321887,1.0054098472780193
0.7725752508361204,0.5641509433962264,0.6523727063077455,0.8967348207223306,0.8187776842053928,0.5451382831360579,0.6692589168467192,0.841299913611405,0.5479917237666709,1.0052343427693204
0.782608695652174,0.5609756097560976,0.6490757427358985,0.898520020167996,0.821789516916527,0.5452021687477985,0.6660843983232132,0.8434051693067547,0.5479614234239216,1.0050609752387092
0.7926421404682275,0.5578358208955223,0.6458074026752183,0.9002656500351428,0.8247453446129934,0.5452671913920981,0.6629348567327011,0.8454776897521752,0.547931816321926,1.0048868242430375
0.802675585284281,0.5547309833024119,0.642567429568479,0.9019717842909643,0.8276253981812519,0.5453361651330888,0.6598100892476296,0.8475179880746311,0.5479028767759683,1.004706659501031
0.8127090301003345,0.551660516605166,0.6393555735778161,0.9036386368441743,0.8304555540136004,0.545402557528942,0.6567098931188777,0.8495265756957243,0.5478746022254906,1.0045325139430015
0.822742474916388,0.5486238532110093,0.6361715831316161,0.9052672195135212,0.833221473578401,0.5454777064512571,0.6536340655228933,0.8515039561036765,0.5478469762991026,1.0043434769557482
0.8327759197324415,0.5456204379562043,0.6330152051416549,0.9068590447109532,0.8359282033778853,0.5455491887461142,0.6505824037090908,0.8534506269553597,0.547819986815521,1.0041624075633326
0.842809364548495,0.5426497277676952,0.6298861851528041,0.9084154033381894,0.8385865611527189,0.5456229932503613,0.6475547052410296,0.855367079605454,0.5477936203787794,1.0039782545003966
0.8528428093645485,0.5397111913357401,0.6267842674757208,0.9099372075194568,0.8411754459321887,0.5457013337143043,0.6445507677059704,0.8572537978907341,0.5477678715939692,1.003786939397049
0.862876254180602,0.5368043087971275,0.6237091852328771,0.9114249952760153,0.8437236545664553,0.5457776521357608,0.6415703892184823,0.8591112599493974,0.5477427310186906,1.0036005118114308
0.8729096989966555,0.5339285714285714,0.620660664502119,0.912879899108785,0.8462077717276355,0.5458587237224709,0.6386133683012177,0.860939939426333,0.5477181849391133,1.0034064880450417
0.8829431438127091,0.5310834813499111,0.617638460641495,0.9143032228666315,0.8486521164402588,0.5459425655454637,0.6356795038238628,0.8627403047655033,0.5476942238314013,1.0032085028654754
0.8929765886287626,0.5282685512367491,0.6146423268163898,0.9156953405037183,0.8510402496026799,0.5460294709984453,0.6327685953913239,0.8645128119203482,0.5476708447834487,1.0030060168400838
0.9030100334448161,0.5254833040421792,0.6116720137351611,0.9170558948695199,0.8533810070415002,0.5461228373110185,0.6298804431521233,0.8662579139746565,0.5476480288876654,1.00279276285928
0.9130434782608696,0.5227272727272727,0.608727255611375,0.9183856643735132,0.8556725682325522,0.5462154717097162,0.6270148478495975,0.8679760603510914,0.5476257677805823,1.0025819409077734
0.9230769230769231,0.52,0.6058077819442093,0.9196867336272455,0.8579149390613613,0.5463110950529735,0.624171610991443,0.8696676910462459,0.5476040529866354,1.00236670634254
0.9331103678929766,0.5173010380622838,0.6029133558673451,0.9209598150657113,0.8601129659651465,0.5464012431141286,0.6213505350005573,0.8713332432394164,0.5475828705181023,1.0021625635352496
0.9431438127090301,0.5146299483648881,0.6000437368454274,0.9222050421921592,0.8622623294830842,0.5464923111609319,0.6185514230479989,0.872973145657026,0.5475622175810951,1.0019577703076745
0.9531772575250836,0.511986301369863,0.5971986695026511,0.9234237815229817,0.8643698015898409,0.5465759744620313,0.6157740791246735,0.8745878169739828,0.5475420815989378,1.0017675623921403
0.9632107023411371,0.5093696763202725,0.5943778771595672,0.9246169502567446,0.8664314723606251,0.5466604551397802,0.6130183082556407,0.8761776729878501,0.5475224547756363,1.001576846519172
0.9732441471571907,0.5067796610169492,0.5915811301234077,0.925784706519852,0.8684526381587133,0.5467404527737971,0.610283916347044,0.8777431257822825,0.5475033249364577,1.0013953095271995
0.9832775919732442,0.5042158516020236,0.5888081926736165,0.9269278702619239,0.870434632682008,0.5468288631995695,0.6075707104294651,0.8792845782734362,0.5474846949432793,1.0011993363698333
0.9933110367892977,0.5016778523489933,0.5860587912543413,0.9280466034829026,0.872372408179964,0.5469169646034814,0.604878498544059,0.8808024257119367,0.5474665502943509,1.0010048795821647
1.0033444816053512,0.49916527545909845,0.5833326771711527,0.9291399026386701,0.8742769698490105,0.5470107060544664,0.6022070898151339,0.8822970599705835,0.5474488827597044,1.000801038627559
1.0133779264214047,0.49667774086378735,0.5806296464697048,0.9302092724881041,0.8761334739197143,0.5471081341725932,0.5995562944634028,0.883768867357112,0.5474316784301693,1.0005913716820631
1.0234113712374582,0.4942148760330579,0.5779494556805936,0.9312568204054636,0.877967562047539,0.5472040440370936,0.5969259239100703,0.8852182266903199,0.5474149399256641,1.0003854063047757
1.0334448160535117,0.4917763157894737,0.5752918430158889,0.932281938726273,0.8797455743601462,0.5473043132582704,0.5943157907085941,0.8866455126349498,0.5473986583838409,1.00017238147642
1.0434782608695652,0.4893617021276595,0.5726565954430055,0.9332853233578456,0.8815013885702196,0.5473994990752449,0.59172570865616,0.8880510909196796,0.5473828352336121,0.9999695581715713
1.0535117056856187,0.48697068403908794,0.5700434723366816,0.934268029443605,0.883213347761723,0.5474926160643628,0.5891554927790723,0.8894353214693557,0.5473674514081931,0.9997713856726151
1.0635451505016722,0.48460291734197736,0.5674522047255031,0.9352300849369901,0.8848931816741189,0.5475879070229652,0.5866049593629218,0.8907985614698529,0.5473525016024879,0.999570104785993
1.0735785953177257,0.48225806451612907,0.564882593064973,0.9361725241580671,0.8865445825099343,0.5476770144742286,0.5840739260082668,0.8921411608659732,0.5473379916220619,0.9993809803164879
1.0836120401337792,0.4799357945425361,0.5623344196325122,0.9370955085599226,0.8881531232374077,0.5477827935636058,0.5815622115032242,0.8934634631063755,0.5473239151898412,0.999162298671743
1.0936454849498327,0.4776357827476038,0.5598074420642791,0.9379988402493954,0.8897415153724562,0.5478818662270339,0.579069636127387,0.8947658073275943,0.5473102506364566,0.998956680945632
1.1036789297658862,0.47535771065182836,0.5573014587703969,0.9388820961441199,0.8912886731329243,0.5479822988717228,0.5765960212854736,0.8960485274174849,0.5472969983414547,0.9987494111914216
1.1137123745819397,0.47310126582278483,0.5548162009164319,0.9397474051879049,0.8928069399768056,0.5480857218949439,0.5741411898997292,0.8973119524739042,0.547284152465401,0.9985375108354008
1.1237458193979935,0.4708661417322834,0.5523514676241212,0.9405966670764973,0.8943046644705602,0.5481839726474212,0.5717049661741263,0.8985564049535107,0.5472717105190495,0.998335846770627
1.133779264214047,0.46865203761755486,0.5499070755360885,0.9414279752997083,0.8957553137108336,0.5482829147563452,0.5692871757446439,0.8997822010582469,0.5472596612400709,0.99813371256201
1.1438127090301005,0.4664586583463338,0.5474827664913876,0.9422422159982398,0.8971873245603298,0.5483801365159439,0.566887645533112,0.9009896500756452,0.5472480063855546,0.997935501206185
1.153846153846154,0.4642857142857142,0.5450783498946306,0.9430395812316368,0.8985939021632827,0.5484767092747342,0.5645062039551397,0.9021790592754183,0.547236732083553,0.9977392345559742
1.1638795986622075,0.4621329211746522,0.5426935743766133,0.9438206073926081,0.8999625720999309,0.5485719179975792,0.5621426807482263,0.9033507335976094,0.5472258460987224,0.9975462252902585
1.173913043478261,0.46,0.5403282804461162,0.9445861357863496,0.9013138485180108,0.5486770078623705,0.5597969071735587,0.904504966902811,0.5472153431337421,0.9973360197207406
1.1839464882943145,0.4578866768759571,0.5379822481606463,0.9453361507135486,0.9026391681714463,0.5487886577736982,0.5574687158429188,0.9056420484354707,0.5472052088358095,0.9971146471133124
1.193979933110368,0.45579268292682923,0.5356552388541349,0.9460710130306087,0.9039304996298595,0.5488909580078135,0.5551579407725827,0.9067622662555825,0.5471954404034346,0.9969110119603122
1.2040133779264215,0.4537177541729894,0.5333470933939478,0.9467905131524605,0.9052051464453116,0.5490012967232234,0.5528644173827421,0.9078659017888916,0.5471860391364004,0.996693527688081
1.214046822742475,0.4516616314199396,0.531057581333491,0.947496639243049,0.9064575330478309,0.5491144780771918,0.550587982615241,0.9089532315445956,0.5471769996844233,0.9964716311987386
1.2240802675585285,0.4496240601503759,0.5287865297839515,0.9481896354611201,0.9076737389512085,0.549215924398003,0.5483284748414032,0.9100245280794227,0.5471683189147226,0.9962717659989105
1.234113712374582,0.4476047904191616,0.5265336847107542,0.9488678261904598,0.908873806669049,0.5493163636464798,0.5460857337593523,0.911080058318968,0.5471599868173964,0.99607443547691
1.2441471571906355,0.4456035767511177,0.5242989277089298,0.9495333211759204,0.9100578475194374,0.5494241586927777,0.5438596005981678,0.912120084293886,0.5471520064926082,0.995864484361999
1.254180602006689,0.4436201780415431,0.5220820036186146,0.9501856372126631,0.9112044081594636,0.5495232120633207,0.5416499180263541,0.9131448656233795,0.5471443578220019,0.9956710577659007
1.2642140468227425,0.4416543574593796,0.5198827519032735,0.9508247364918487,0.9123336881520238,0.5496202890035383,0.5394565300818255,0.9141546574342694,0.5471370537848965,0.9954819076582054
1.274247491638796,0.4397058823529411,0.5177009801000021,0.9514510018824924,0.9134477521079174,0.5497287055163973,0.5372792822686416,0.9151497068980982,0.5471300809223869,0.9952728963069714
1.2842809364548495,0.4377745241581259,0.5155365094599851,0.9520649073215993,0.9145380599542723,0.5498362933615215,0.535118021523474,0.9161302599409837,0.5471234330445439,0.9950660581163312
1.294314381270903,0.43586005830903796,0.513389126753424,0.9526670941094271,0.9156002254415873,0.5499426728661622,0.5329725962715463,0.9170965578060991,0.5471171108521248,0.9948620789885039
1.3043478260869565,0.4339622641509434,0.5112587019683393,0.9532571051380269,0.9166483570777637,0.5500536029479741,0.5308428562588396,0.918048835026839,0.5471111115881997,0.9946505370676524
1.31438127090301,0.43208092485549127,0.5091449852538861,0.9538366174462382,0.9176828682588947,0.5501621517551719,0.5287286527435128,0.9189873250506132,0.5471054194385949,0.9944439429233269
1.3244147157190636,0.4302158273381295,0.5070478703993044,0.9544054060122379,0.9186920598046414,0.5502727962010344,0.5266298383353978,0.919912256475738,0.5471000416134255,0.994234215084749
1.334448160535117,0.42836676217765046,0.5049671256434828,0.9549631419235147,0.9196790851440377,0.5503856370714616,0.5245462671212394,0.9208238532038868,0.5470949720439785,0.9940211647873074
1.3444816053511706,0.42653352353780316,0.502902604880614,0.9555106463510517,0.9206524557782927,0.550499252471066,0.5224777945695959,0.9217223352152432,0.5470902138786333,0.9938073692613927
1.354515050167224,0.42471590909090906,0.5008541225185295,0.9560473485432408,0.9216122698514009,0.5506055076950912,0.5204242775323091,0.9226079189940234,0.5470857534468307,0.9936074844892224
1.3645484949832776,0.4229137199434229,0.4988215132916516,0.9565736877569994,0.9225501746818789,0.5507207177435571,0.5183855742782106,0.9234808170044547,0.5470816072957178,0.993392094521612
1.374581939799331,0.42112676056338033,0.4968046118522581,0.9570897374810845,0.9234647028484468,0.5508448032301451,0.5163615445237584,0.924341237274842,0.5470777761896934,0.9931613641113398
1.3846153846153846,0.41935483870967744,0.4948032557603764,0.9575958342997032,0.9243664120807612,0.5509668044152469,0.5143520492616923,0.9251893858930176,0.5470742564395794,0.9929350589827299
1.394648829431438,0.4175977653631285,0.4928172744982385,0.9580927510096997,0.9252553971009552,0.5510778859070384,0.5123569509329052,0.9260254636072913,0.5470710481204525,0.9927290898636025
1.4046822742474916,0.41585535465924894,0.4908465115716648,0.9585810038887098,0.9261317530945072,0.5511810956283446,0.5103761133368636,0.9268496685066216,0.547068136718145,0.9925379173146154
1.414715719063545,0.4141274238227147,0.488890802573257,0.9590603849838707,0.926980753333243,0.5512930772879241,0.508409401650322,0.9276621985700928,0.5470655091579483,0.9923315414175464
1.4247491638795986,0.4124137931034483,0.4869499856584844,0.9595310329783746,0.9278158922979649,0.5514097868937,0.5064566823665555,0.9284632439373901,0.5470631803905909,0.9921172844472071
1.434782608695652,0.4107142857142857,0.4850238948997354,0.95999337443657,0.9286397862863177,0.5515220276162934,0.5045178233356709,0.9292529920502173,0.5470611275102941,0.9919116555955534
1.4448160535117056,0.40902872777017785,0.48311240226277563,0.9604468445131042,0.9294520662724871,0.5516285648609935,0.5025926937663548,0.9300316284293545,0.5470593581450056,0.9917168779736065
1.4548494983277593,0.4073569482288828,0.4812153195165459,0.9608923478984568,0.9302525728557889,0.5517348730535152,0.5006811641623476,0.9307993334415735,0.5470578660583542,0.9915230897599844
1.4648829431438128,0.4056987788331071,0.47933255131984764,0.9613291141397562,0.9310304688208514,0.5518518902743679,0.49878310634418377,0.9315562861655682,0.547056653758525,0.9913106458447414
1.4749163879598663,0.40405405405405403,0.4774638759095135,0.9617570097358525,0.9317931844800764,0.551975463344466,0.4968983935202629,0.9323026603131691,0.5470557232120337,0.991087031110725
1.4849498327759199,0.4024226110363392,0.47560921427726055,0.962178639426271,0.932544993323822,0.552098676320079,0.495026900095205,0.9330386266623306,0.5470550726590051,0.9908646698907319
1.4949832775919734,0.4008042895442359,0.4737683683132522,0.9625924169421931,0.9332862357195351,0.5522156024337451,0.493168501865023,0.9337643533312098,0.5470546965547206,0.9906541831554937
1.5050167224080269,0.39919893190921224,0.4719412266295127,0.962998994506623,0.9340167024227741,0.5523264899082807,0.49132307579551554,0.9344800068516566,0.5470545855601563,0.9904550941436833
1.5150501672240804,0.39760638297872336,0.47012763836348304,0.9633993542386661,0.9347363389252038,0.5524334200021784,0.4894905002088964,0.935185753307299,0.5470547482392157,0.9902636741945455
1.5250836120401339,0.3960264900662252,0.46832745731676645,0.9637922371388767,0.9354355376716142,0.5525343785532857,0.4876706546897938,0.9358817514255955,0.5470552042241648,0.9900835594276194
1.5351170568561874,0.3944591029023747,0.4665405266262323,0.9641784503198759,0.9361215197351717,0.5526324783669995,0.48586342003000216,0.9365681571262259,0.5470559047026488,0.989909073601991
1.5451505016722409,0.392904073587385,0.464766771166873,0.9645581278235046,0.9367973420612516,0.5527298852621685,0.48406867826662503,0.9372451252515828,0.5470568928317339,0.9897364108912913
1.5551839464882944,0.3913612565445026,0.4630059642786782,0.9649311314079598,0.9374633142538075,0.5528375871755504,0.48228631267511374,0.9379128065322193,0.547058141433189,0.9895458523869756
1.565217391304348,0.3898305084745763,0.4612580519838437,0.965295834781395,0.9381198091805664,0.5529560028679762,0.48051620776797643,0.9385713521435434,0.5470596500209165,0.9893366690722634
1.5752508361204014,0.38831168831168833,0.45952287168509826,0.965654903205932,0.9387665789037921,0.5530828676835386,0.4787582492844977,0.939220907758628,0.5470614279186534,0.9891129519341204
1.585284280936455,0.3868046571798188,0.4578002856810174,0.9660085289265443,0.9394035348825355,0.5532102861062511,0.4770123241067087,0.9398616151270061,0.5470634582631372,0.9888888041356242
1.5953177257525084,0.3853092783505155,0.45609017722716727,0.9663542901622701,0.9400259292121386,0.5533324117719522,0.4752783203401729,0.9404936167508732,0.5470657324634016,0.9886746570863567
1.605351170568562,0.38382541720154045,0.4543924292513648,0.9666955180989821,0.9406337863323205,0.5534425823183164,0.47355612728066987,0.9411170536908148,0.5470682448460616,0.9884823870155539
1.6153846153846154,0.38235294117647056,0.4527068896068949,0.96703166328473,0.9412324822636777,0.5535371468345357,0.47184563532944745,0.9417320629177953,0.5470710054206437,0.9883185049985004
1.625418060200669,0.3808917197452229,0.45103342789680145,0.9673607396514283,0.9418221124092034,0.5536315006881952,0.4701467361326838,0.9423387751995792,0.5470740372079652,0.9881555448487329
1.6354515050167224,0.37944162436548223,0.44937198048479965,0.9676848656263702,0.9424027724577383,0.5537329384039917,0.4684593224166335,0.942937321868213,0.5470773178137229,0.9879804502700307
1.645484949832776,0.37800252844500637,0.44772235027299817,0.9680043979383265,0.9429745593967052,0.5538449071339662,0.46678328805836017,0.9435278318858633,0.5470808623903971,0.9877871139439168
1.6555183946488294,0.3765743073047859,0.446084460430885,0.9683175526546908,0.9435375697073336,0.553976220298058,0.46511852807235327,0.9441104299919135,0.5470846712945912,0.9875598468833933
1.665551839464883,0.37515683814303635,0.4444582036331145,0.9686232481840786,0.9440919208672947,0.5541154773621736,0.463464938603647,0.9446852438961936,0.5470887375744704,0.9873189974386685
1.6755852842809364,0.37375,0.44284342361432194,0.9689259194975952,0.9446381078880498,0.5542527108482427,0.4618224168780131,0.9452523960012544,0.5470930860602722,0.9870823820112432
1.68561872909699,0.3723536737235368,0.44124003390649175,0.9692245848109352,0.9451758962541188,0.5543861487431032,0.46019086118496333,0.9458120054345104,0.5470976688374597,0.986853062757488
1.6956521739130435,0.3709677419354839,0.439647907869025,0.9695162042836027,0.9457023904700829,0.5545110556457753,0.4585701709680105,0.9463641927368895,0.5471024782142508,0.9866394414392756
1.705685618729097,0.3695920889987639,0.43806695839676313,0.9698039603312438,0.9462177400723906,0.5546201776851922,0.4569602466393593,0.9469090763109508,0.5471075182950573,0.9864544066508897
1.7157190635451505,0.3682266009852217,0.436497040927549,0.970087880029116,0.9467252049642307,0.554716966269149,0.4553609897454079,0.9474467701784465,0.5471128066880822,0.9862918207960899
1.725752508361204,0.3668711656441718,0.4349380305185629,0.9703670072026597,0.9472248844491327,0.5548158612080315,0.45377230288558656,0.9479773836701108,0.5471183427219117,0.9861259941823589
1.7357859531772575,0.36552567237163813,0.43338987397459905,0.9706417356668184,0.9477168786998389,0.554912296812701,0.45219408964489954,0.9485010269228755,0.5471241212221741,0.9859650333300225
1.745819397993311,0.3641900121802679,0.4318524491937727,0.9709119908408744,0.948201289136838,0.5550055011399514,0.45062625467432066,0.9490178084719674,0.547130134809306,0.9858102914034728
1.7558528428093645,0.3628640776699029,0.43032559428719813,0.9711767561090942,0.9486782171413116,0.5551110402287156,0.44906870362763895,0.9495278345596035,0.5471364015568683,0.985634155882467
1.7658862876254182,0.36154776299879077,0.4288092660797205,0.9714374288098852,0.9491477646861808,0.5552260641824152,0.44752134320019965,0.9500312113320017,0.5471428843558911,0.98544164197618
1.7759197324414717,0.36024096385542165,0.4273033511818686,0.971696056116822,0.9496100350186475,0.5553389533139973,0.44598408105099063,0.9505280392384312,0.5471496258436089,0.9852534611132203
1.7859531772575252,0.3589435774309724,0.4258077326136544,0.9719489900505043,0.9500651310944814,0.5554485434280639,0.4444568258123499,0.9510184181636552,0.5471565826999258,0.9850715951526985
1.7959866220735787,0.3576555023923445,0.4243223132684411,0.9721959378767289,0.9505131568979834,0.5555573458527301,0.44293948710163916,0.9515024495414428,0.547163771696197,0.9848916152055379
1.8060200668896322,0.3563766388557807,0.42284699107452434,0.9724416390563587,0.9509542168926127,0.5556655528034957,0.4414319755412398,0.9519802327675725,0.5471711974878698,0.9847131871450923
1.8160535117056857,0.3551068883610451,0.4213816584260889,0.9726849687226018,0.9513884167298965,0.5557821865894667,0.43993420265254113,0.9524518620543871,0.5471788974748415,0.9845203942799626
1.8260869565217392,0.3538461538461538,0.419926263270145,0.9729220853840764,0.9518158612558268,0.5559060825895193,0.438446080957145,0.9529174289134217,0.5471868388125292,0.9843152574687181
1.8361204013377928,0.35259433962264153,0.4184806702378121,0.9731545182405053,0.952236769300613,0.556020703924726,0.43696752384135823,0.9533770262108711,0.5471950268601172,0.9841270711642356
1.8461538461538463,0.3513513513513513,0.41704475848475886,0.9733838181682269,0.9526514107309402,0.5561333081614621,0.43549844566412427,0.9538307464201486,0.5472034642610822,0.9839429795530477
1.8561872909698998,0.3501170960187353,0.41561848435857707,0.9736092965481621,0.953059683434444,0.5562607509711681,0.4340387616902998,0.9542786790028889,0.5472121471165545,0.9837331614017064
1.8662207357859533,0.34889148191365227,0.414201754559487,0.9738333468590871,0.9534617755981688,0.5563949007720363,0.43258838812080613,0.9547209119848377,0.5472210677868947,0.9835120110331488
1.8762541806020068,0.3476744186046512,0.4127944598854268,0.974054367816105,0.9538578155300311,0.5565189647504288,0.43114724198157006,0.9551575318390887,0.5472302343243897,0.983309229308646
1.8862876254180603,0.3464658169177288,0.411396493159664,0.9742687394631191,0.9542477555703093,0.5566317530746018,0.4297152412379714,0.9555886234079513,0.5472396221506939,0.9831268502523802
1.8963210702341138,0.3452655889145496,0.41000778797121973,0.9744799329956626,0.95463166913801,0.55673928606787,0.42829230468799323,0.9560142715091733,0.5472492280644716,0.9829542153016996
1.9063545150501673,0.3440736478711162,0.4086282510587505,0.9746907344439913,0.9550096673514998,0.5568470675304935,0.42687835203187724,0.9564345585217697,0.5472590393338671,0.9827815772845003
1.9163879598662208,0.34288990825688076,0.4072577790779953,0.9748993302060287,0.9553818614577376,0.5569619570763232,0.4254733037977406,0.9568495625905767,0.5472691241727823,0.9825969569727494
1.9264214046822743,0.3417142857142857,0.405896326460038,0.975103446441876,0.9557483636150257,0.5570739847093875,0.42407708138703903,0.9572593618723594,0.5472794131169161,0.9824178262469373
1.9364548494983278,0.34054669703872437,0.4045437855184513,0.9753028717990413,0.9561092861175278,0.5571737645045901,0.4226896070233498,0.9576640360754431,0.5472899379397038,0.9822607825519666
1.9464882943143813,0.33938706015891035,0.4032000509188108,0.9754990086140696,0.9564647421510122,0.5572764143915878,0.42131080376349095,0.9580636616270861,0.5473006891096294,0.982099143218093
1.9565217391304348,0.3382352941176471,0.401865038039851,0.9756929785273109,0.9568148446109161,0.5573907877198935,0.4199405954712542,0.9584583126833548,0.5473117099438355,0.9819173944060177
1.9665551839464883,0.3370913190529876,0.4005387035567614,0.9758856107262633,0.957159708040889,0.557503489662518,0.41857890683874727,0.9588480631780709,0.5473229634004757,0.9817390806500512
1.9765886287625418,0.3359550561797753,0.3992209616188919,0.9760750333892001,0.9574994469654379,0.557599357226787,0.4172256633196457,0.9592329865153503,0.5473344411470507,0.9815908753360321
1.9866220735785953,0.3348264277715565,0.3979117196134005,0.9762601086850957,0.9578342510829293,0.5576837590278494,0.415880791193023,0.959613153617803,0.5473461685083715,0.9814633466509796
1.9966555183946488,0.33370535714285715,0.39661087077121215,0.9764435031263534,0.9581644092994377,0.5577761573107569,0.41454421753257326,0.9599886352589202,0.5473581304454238,0.9813222083289429
2.0066889632107023,0.3325917686318131,0.3953183635890101,0.9766261089420476,0.9584898741130985,0.5578859878605101,0.4132158701567449,0.960359501722885,0.5473703159220317,0.9811508584777223
2.016722408026756,0.33148558758314856,0.39403412319600284,0.9768052359220099,0.9588106640906999,0.558006567414808,0.411895677642927,0.9607258186686422,0.5473827504925473,0.9809611256521945
2.0267558528428093,0.33038674033149174,0.3927580685758776,0.976978554750182,0.9591268968440981,0.558123726865575,0.41058356934013546,0.9610876536473556,0.5473953868282216,0.980777846343133
2.036789297658863,0.32929515418502203,0.3914901127322044,0.9771483442215871,0.9594386900906251,0.5582351701092197,0.40927947533721415,0.9614450749005522,0.5474082552861808,0.9806051008557546
2.0468227424749164,0.32821075740944017,0.3902302008127964,0.9773183498426872,0.9597461624770062,0.5583479143952347,0.40798332645548907,0.9617981452622165,0.5474213683714306,0.9804305778850468
2.05685618729097,0.32713347921225383,0.3889782670038065,0.9774884838227568,0.9600494333005019,0.5584548803698817,0.40669505426854763,0.9621469262010802,0.5474347351742662,0.9802667223745695
2.0668896321070234,0.3260632497273719,0.38773422181394035,0.9776561628609124,0.9603486234443289,0.5585446089503436,0.40541459107330724,0.9624914803124696,0.5474482943106868,0.9801335211873052
2.076923076923077,0.32499999999999996,0.3864979746576423,0.9778201457344836,0.9606439467461868,0.5586235768262843,0.404141869823052,0.9628318705900195,0.5474620899037591,0.9800196637135563
2.0869565217391304,0.323943661971831,0.385269447524209,0.9779818311161014,0.9609355979947587,0.5587260740690294,0.4028768242553017,0.9631681567687377,0.5474761503990849,0.9798650462327366
2.096989966555184,0.32289416846652264,0.38404860132752056,0.9781419640672796,0.9612235201795186,0.558867667926936,0.40161938875074815,0.9635003982040956,0.5474904323134849,0.9796423442142327
2.1070234113712374,0.3218514531754575,0.3828353713539158,0.9782981623207523,0.9615078348143419,0.5590370431824979,0.4003694984079166,0.9638286537172729,0.5475049424177947,0.9793714908424439
2.117056856187291,0.3208154506437768,0.38162968557279847,0.9784495256428447,0.9617886648485751,0.5592085014584608,0.3991270889711379,0.9641529793309641,0.5475196783574753,0.9790975582980228
2.1270903010033444,0.3197860962566845,0.38043146860009147,0.9785979331929935,0.962066133012849,0.5593582338554108,0.39789209689430033,0.9644734335745889,0.5475346288198917,0.9788621954234512
2.137123745819398,0.3187633262260128,0.37924064180745354,0.978746186888009,0.962335081481644,0.5594746335445473,0.396664459294324,0.964790072448678,0.5475498450731849,0.9786857388049697
2.1471571906354514,0.31774707757704573,0.3780571480397098,0.9788953606539761,0.962599751929344,0.5595499410455583,0.39544411392331874,0.9651029474227173,0.5475653281850241,0.9785816922111722
2.157190635451505,0.3167372881355932,0.3768809235132295,0.9790447665753964,0.9628614057621105,0.559578147629838,0.39423099919194304,0.9654121121036454,0.5475810336844427,0.9785604316462131
2.1672240802675584,0.31573389651531153,0.37571189724885856,0.979192994438883,0.9631199639330382,0.559575624773776,0.3930250541563577,0.9657176207084388,0.5475969594092902,0.9785933038642838
2.177257525083612,0.31473684210526315,0.3745500055356566,0.9793383265298896,0.9633755103682365,0.5595809390956323,0.3918262185087172,0.9660195263880793,0.5476131376108926,0.978612921476415
2.1872909698996654,0.3137460650577125,0.3733951819003695,0.9794803870117746,0.9636281725041639,0.5596356650573459,0.3906344325884791,0.9663178787090148,0.5476295572337023,0.9785465641786549
2.197324414715719,0.3127615062761506,0.37224735720311775,0.9796187530255047,0.9638780776267845,0.559760963091099,0.3894496373300502,0.9666127272616503,0.5476461981116568,0.978357252866398
2.2073578595317724,0.31178310740354537,0.37110647956779536,0.9797524987764201,0.9641253533443348,0.5599564242901733,0.3882717742650977,0.9669041229805613,0.5476630789634609,0.9780458892988038
2.217391304347826,0.3108108108108108,0.3699725005914373,0.9798824730501587,0.9643701283003058,0.5601907689717881,0.38710078556929123,0.9671921147826092,0.5476801862133328,0.977667281484452
2.2274247491638794,0.30984455958549223,0.36884535895813775,0.9800105605605006,0.964612531573666,0.5604240994982506,0.38593661399620627,0.9674767512812473,0.5476975182273914,0.9772911598872117
2.237458193979933,0.30888429752066116,0.36772499200467734,0.9801377105973851,0.964852692492243,0.5606220752190973,0.3847792029080916,0.9677580783304734,0.5477151561757392,0.9769775047864214
2.247491638795987,0.30792996910401643,0.36661133578208677,0.9802652624867667,0.9650861681997084,0.5607601134665561,0.38362849622704653,0.9680361402387584,0.5477330211787793,0.9767688678724941
2.25752508361204,0.30698151950718683,0.3655043251185219,0.9803942981464172,0.9653130239372231,0.5608314453254301,0.3824844384754497,0.9683109844928633,0.5477510985679493,0.9766768663445919
2.267558528428094,0.30603889457523026,0.36440389367234155,0.9805237314319656,0.9655377739631479,0.5608533348411536,0.38134697474484014,0.9685826570870454,0.5477694370226286,0.976671445089596
2.277591973244147,0.3051020408163265,0.36330998768469575,0.9806519127143998,0.9657605502595137,0.5608532714795437,0.3802160506792661,0.9688512017325942,0.5477879871490454,0.9767046302573368
2.287625418060201,0.30417090539165814,0.36222255838252687,0.9807776861959205,0.9659814851467886,0.5608699289218272,0.37909161250129964,0.9691166610172179,0.547806800171967,0.9767091653942445
2.297658862876254,0.30324543610547666,0.3611415454155227,0.9809003473396573,0.9662007530817538,0.5609123411322259,0.3779736069598548,0.9693790773172765,0.5478258252508946,0.9766692316754602
2.307692307692308,0.3023255813953488,0.3600668957541928,0.9810205438836578,0.9664185312189417,0.5609714341218061,0.37686198136584786,0.9696384930888381,0.5478450690301919,0.9766006532718314
2.317725752508361,0.3014112903225806,0.3589985554685206,0.9811400712070752,0.9666349714971925,0.5610248020217209,0.3757566835727514,0.9698949492630896,0.5478645748108515,0.9765425215365793
2.327759197324415,0.3005025125628141,0.35793646978565885,0.9812596119214606,0.9668502574171459,0.5610600453012003,0.3746576619650316,0.970148487653168,0.5478843202647206,0.9765163726292316
2.3377926421404682,0.2995991983967936,0.35688058314693316,0.9813780519512528,0.9670545129682356,0.56107674897723,0.3735648654516628,0.9703991472016443,0.5479043230224011,0.9765229516659877
2.347826086956522,0.2987012987012987,0.35583083926436004,0.9814944236462582,0.9672562463778221,0.5610899547341949,0.3724782434603791,0.9706469661422789,0.5479245328795455,0.9765359872448861
2.3578595317725752,0.29780876494023906,0.3547871811766706,0.9816081666223727,0.9674568186897498,0.5611427491414964,0.3713977459326316,0.9708919860068977,0.5479449798327248,0.9764805491491013
2.367892976588629,0.2969215491559086,0.3537495645165731,0.9817185060859056,0.9676563669578837,0.5612665295761213,0.3703233233192141,0.9711342442837396,0.5479657041132917,0.9763021224998493
2.3779264214046822,0.296039603960396,0.3527179458724932,0.9818249449774904,0.9678550288121239,0.5614665298570513,0.36925492657652503,0.9713737783357248,0.547986662901353,0.9759916820702915
2.387959866220736,0.29516288252714706,0.3516922755245042,0.9819274613536177,0.9680529421871503,0.561741244782495,0.3681925071755965,0.9716106247745798,0.548007909025841,0.9755522032889511
2.3979933110367893,0.29429133858267714,0.3506725037473251,0.9820267203612209,0.9682502452475521,0.5620543759553902,0.3671360170394597,0.9718448188377631,0.5480293797684289,0.9750469050914845
2.408026755852843,0.2934249263984298,0.3496585808349045,0.9821242998571368,0.9684395966282253,0.5623758393102055,0.36608540859752714,0.9720763978705932,0.5480510946533782,0.9745281648756503
2.4180602006688963,0.2925636007827789,0.3486504571185553,0.9822216001341538,0.9686232179950781,0.5626775557466126,0.36504063478370474,0.9723053965967013,0.5480730569615313,0.9740446395347995
2.42809364548495,0.2917073170731707,0.3476480829842791,0.9823189699287348,0.9688064008892016,0.5629521768856014,0.3640016489512114,0.972531849774689,0.5480952083156461,0.9736088265043259
2.4381270903010033,0.2908560311284047,0.3466514088938345,0.9824168300641088,0.9689892860474898,0.5631622815745446,0.3629684049879717,0.972755791809025,0.5481176061515709,0.9732853638902976
2.448160535117057,0.29000969932104753,0.3456603854107207,0.9825159955782956,0.9691720144397037,0.5632942604368304,0.36194085718121183,0.9729772565523847,0.5481402368806395,0.9730975005063267
2.4581939799331103,0.28916827852998067,0.34467496322459545,0.982616569558989,0.9693547275855192,0.5633601322305346,0.36091896031983633,0.9731962781074165,0.5481630897791713,0.9730242848545333
2.468227424749164,0.28833172613307617,0.3436950931713693,0.982717899659108,0.969535988495007,0.5633645016598859,0.35990266963910483,0.973412887146812,0.5481862512992965,0.9730578509723837
2.4782608695652173,0.28750000000000003,0.3427207262549804,0.9828192102257897,0.9697049422734226,0.5633221578235814,0.35889194079680264,0.9736271157114967,0.5482096489744329,0.9731725290062505
2.488294314381271,0.286673058485139,0.3417518136696097,0.9829196919563175,0.969874063706988,0.5632767919885083,0.357886729914435,0.9738389949912657,0.5482333705150896,0.9732930209669891
2.4983277591973243,0.2858508604206501,0.34078831134482157,0.9830185982214524,0.9700436008310066,0.5632364582406695,0.35688699355905856,0.9740485556560878,0.5482573300219581,0.9734052581299507
2.508361204013378,0.28503336510962823,0.3398301803055816,0.9831153476044946,0.9702136663649954,0.5632127387088885,0.35589268872008045,0.974255829914813,0.5482815426533456,0.9734892429994192
2.5183946488294313,0.28422053231939165,0.3388773768497193,0.9832096328870539,0.9703843288030477,0.563219253669572,0.3549037728112313,0.9744608474661496,0.5483059991269169,0.9735214049493336
2.528428093645485,0.2834123222748815,0.33792985767425526,0.9833015359889322,0.9705525285081684,0.5632695957741642,0.3539202036686431,0.9746636391955815,0.5483306673045089,0.9734781912928867
2.5384615384615383,0.28260869565217395,0.3369875798721269,0.9833916479273961,0.9707094084464118,0.5633575988168177,0.35294193954561515,0.9748642348158808,0.5483555818940857,0.9733703477964268
2.548494983277592,0.28180961357210177,0.33605050092892963,0.9834807023415328,0.9708671754825668,0.5634624078313644,0.3519689391079188,0.9750626618898196,0.5483807446251268,0.9732339496005006
2.5585284280936453,0.281015037593985,0.3351185787192006,0.9835688147573555,0.9710259119448144,0.5635582898681056,0.3510011614296167,0.9752589494356968,0.548406153460448,0.9731134530711919
2.568561872909699,0.2802249297094658,0.33419177150314977,0.9836558436213444,0.971185729744251,0.563637894673257,0.350038565989371,0.9754531244313988,0.5484318558379977,0.9730216172848452
2.578595317725753,0.27943925233644856,0.33327003792364107,0.9837418647747189,0.9713467760156289,0.5637146010982842,0.3490811126740096,0.9756452135242846,0.5484577761941848,0.9729351965083491
2.588628762541806,0.2786579683131407,0.33235333700377717,0.9838269541351202,0.9714970705352297,0.5638233054414798,0.34812876176245655,0.9758352439716754,0.5484840016972551,0.9727941296569607
2.59866220735786,0.2778810408921933,0.3314416281430413,0.9839111877232503,0.9716443742981699,0.5639354453182631,0.34718147390209536,0.9760232422621664,0.5485104425844473,0.9726475736507206
2.608695652173913,0.27710843373493976,0.33053487110894464,0.9839943359562126,0.9717931099991354,0.5640215634953557,0.3462392101372319,0.9762092358353808,0.5485371508739287,0.9725464173293891
2.618729096989967,0.27634011090573013,0.32963302603102485,0.9840766863979248,0.9719434277034166,0.5640648582207581,0.3453019319177133,0.9763932509904557,0.5485641088031404,0.9725195619055014
2.62876254180602,0.27557603686635945,0.32873605339874823,0.9841591150679541,0.97209547815035,0.5640656758629549,0.3443696010255036,0.9765753130105763,0.5485913253273059,0.9725664028182978
2.638795986622074,0.2748161764705882,0.32784391405942204,0.9842420163086558,0.9722388733640179,0.5640684041895434,0.3434421796531293,0.9767554468198251,0.5486188160474486,0.9726104351398783
2.648829431438127,0.27406049495875345,0.3269565692152465,0.984325335908392,0.9723772219425902,0.5640434457820896,0.34251963033260063,0.9769336767398016,0.5486465841489726,0.972702702693818
2.658862876254181,0.273308957952468,0.32607398041840746,0.9844086761284746,0.9725175143606193,0.5639689779074928,0.3416019159776382,0.9771100272675781,0.5486745844262427,0.9728807894044151
2.668896321070234,0.2725615314494075,0.3251961030880432,0.9844913988593275,0.9726599033029966,0.5638612786242971,0.3406889998575689,0.9772845216449922,0.5487028826824152,0.973116799261575
2.678929765886288,0.2718181818181818,0.3243229023786302,0.9845727258293809,0.9728045514303899,0.5637674013407656,0.3397808455896545,0.9774571841409293,0.548731422845569,0.9733294644929137
2.688963210702341,0.27107887579329104,0.32345434417555025,0.9846518349583977,0.9729380087002668,0.5637708298733414,0.33887741714860947,0.9776280385108108,0.5487601995162151,0.9733745884644323
2.698996655518395,0.2703435804701627,0.32259039445105,0.9847279523282938,0.9730691665048454,0.5638510719481834,0.33797867887244154,0.9777971069633241,0.5487892459772116,0.9732875812066276
2.709030100334448,0.2696122633002705,0.3217310192426066,0.9848004393662427,0.9732027914880154,0.5639871531748503,0.33708459541370517,0.9779644126506558,0.5488185224917768,0.9731046521225089
2.719063545150502,0.26888489208633093,0.3208761846292612,0.98486964727867,0.9733390361655698,0.5641818626174271,0.3361951317735396,0.9781299775070034,0.5488480817574283,0.9728212091241992
2.729096989966555,0.2681614349775785,0.32002585670862066,0.9849364306744242,0.9734757903270395,0.5644737565963455,0.33531025329469744,0.9782938233875927,0.5488779388895512,0.9723710490974218
2.739130434782609,0.26744186046511625,0.3191800015750215,0.9850012357761504,0.9735984450457026,0.5648622944465337,0.33442992565660873,0.9784559722911657,0.5489080289479598,0.9717554780068896
2.749163879598662,0.2667261373773417,0.3183385852981364,0.9850642842239503,0.9737239436454864,0.5652734642768151,0.33355411485804076,0.9786164447858017,0.5489384136726041,0.9711023926709361
2.759197324414716,0.26601423487544484,0.3175015739018991,0.985125883560138,0.9738524433999045,0.5656513590970708,0.33268278722407435,0.9787752618024252,0.5489690444474745,0.9705077794275512
2.769230769230769,0.2653061224489796,0.31666893334378754,0.9851873903305929,0.973984102383844,0.5659881246741888,0.3318159094023657,0.9789324449308795,0.548999960898509,0.9699849466179895
2.779264214046823,0.2646017699115044,0.3158406294946081,0.9852504192737532,0.974105357151475,0.5662852283135147,0.33095344835977647,0.9790880146543102,0.5490311043517571,0.9695310364828991
2.789297658862876,0.26390114739629306,0.3150166281181992,0.985315704985076,0.9742235642270908,0.5665077000228012,0.33009537136839806,0.9792419906694166,0.549062551031387,0.969205804279956
2.79933110367893,0.2632042253521127,0.314196894847811,0.9853833101217667,0.974345183036085,0.5591769139693792,0.3292416460136707,0.9793943918725778,0.5439410113600239,0.9727529834856709
2.809364548494983,0.26251097453906935,0.31338139072973875,0.9854528247245242,0.9744703828731658,0.5520097871935704,0.3283922401927168,0.9795452386634336,0.5389945835596857,0.9764221505925569
2.819397993311037,0.2618213660245184,0.3125700766906929,0.9855241070098576,0.9745906160242936,0.5719970226690246,0.32754712211053494,0.9796945502343408,0.5530168153647087,0.9668176466797826
2.82943143812709,0.2611353711790393,0.311762923616847,0.9855965174994853,0.9747024916403189,0.6271694377121986,0.3267062602603677,0.9798423442182136,0.5917288604220561,0.9434912239674443
2.839464882943144,0.26045296167247384,0.31095990166441606,0.9856683387266372,0.9748181508660243,0.6935353055704742,0.3258696234379323,0.9799886401922431,0.6384692516920417,0.92060093633858
2.849498327759197,0.25977410947002605,0.3101609802246241,0.9835312267961787,0.9749377555733497,0.7204689071619451,0.3250371807302426,0.9779369452632628,0.6577476143799709,0.912943789581365
2.859531772575251,0.25909878682842286,0.3093661278892787,0.9809556466270668,0.9750549822424822,0.6472530774645845,0.324208901507849,0.9754507567660488,0.606750568934409,0.9374240000699083
2.869565217391304,0.25842696629213485,0.3085753124168244,0.9836317755273261,0.9751613323362179,0.4240484249126229,0.32338475544975903,0.9781941219933006,0.44991234787293416,1.06099285232728
2.879598662207358,0.25775862068965516,0.30778851115475486,0.9932440487040508,0.9752719239004413,0.031176974992056877,0.32256471249276253,0.9878433754498295,0.17270993448014849,5.539662989246093
2.8896321070234112,0.25709372312983664,0.30700569555636104,1.0083950234514085,0.9753869107959751,-0.506055185117466,0.3217487428667156,1.0030073409694553,-0.20760375264974543,0.41023935482758905
2.899665551839465,0.2564322469982847,0.3062268363539828,1.025471594917596,0.9754994504489263,-1.124090410127681,0.3209368170875568,1.0200889416727683,-0.6468106208761735,0.5754080054848122
2.9096989966555187,0.25577416595380664,0.3054106833350688,1.03945232719281,0.9756013219505874,-1.6401988803756258,0.320085900793373,1.034088695773789,-1.0158735196653066,0.6193599640993896
2.919732441471572,0.2551194539249147,0.304580307324185,1.044655969619526,0.9757077869328241,-1.753307140064418,0.3192200641944283,1.0393496251698433,-1.1000821222734902,0.6274326369497772
2.9297658862876257,0.25446808510638297,0.3037562552628168,1.035428538956254,0.9758190113585813,-1.1787047542630313,0.3183607461556393,1.0302423653352097,-0.6947960234975668,0.5894572164782506
2.939799331103679,0.2538200339558574,0.3029565627924077,1.0067696024792507,0.9759250291799227,0.29381615621208357,0.31752676714669614,1.0017886797641766,0.3537151998549979,1.2038657247958746
2.9498327759197327,0.25317527519051647,0.30219676673893114,0.9504242008726425,0.97602326938028,2.7543570703867326,0.3167343420956533,0.9457712294701404,2.1152527182105314,0.7679660494830228
2.959866220735786,0.25253378378378377,0.30148991750017895,0.871080583997346,0.9761265194956025,6.346846536024743,0.31599709317055324,0.8668550280509741,4.703926616653529,0.7411439035045215
2.9698996655518397,0.2518955349620893,0.3008465913365607,0.7853863243344409,0.9762349475930593,10.458723855416936,0.31532606244833833,0.7816079332947377,7.676869226837417,0.7340158639776401
2.979933110367893,0.25126050420168067,0.3002749025662692,0.7040481755268388,0.9763328105261748,14.526621198342179,0.3147297245002809,0.7006856194103451,10.625881173767958,0.7314764409896374
2.9899665551839467,0.25062866722548194,0.2997805156651457,0.6350688745235614,0.9764284173594092,18.07321272522844,0.3142139988878866,0.6320535434814465,13.203939575251631,0.7305806541423717
3.0,0.25,0.2993666572715799,0.5835322663247764,0.9765294572832002,20.74992864566387,0.3137822625700981,0.5807728835608063,15.156030513076505,0.7304136207833983
