z,a,Phi_PBUF,dPhi_dz_PBUF,n_z,kernel_PBUF,Phi_LCDM,dPhi_dz_LCDM,kernel_LCDM
0.0,1.0,0.3265470887980345,1.0466489962421266,0.3482352392075613,0.3644800635727309,0.3265470887980345,0.8116854992455925,0.2826574939910977
0.006688963210702341,0.9933554817275747,0.33354808542841663,1.0489118429858628,0.3613296013565056,0.3790028980841994,0.33197642324114884,0.8127870607931982,0.2936840246641322
0.013377926421404682,0.9867986798679869,0.34057935425603936,1.0532325217894538,0.37473000044790894,0.3946778233619143,0.33742049429359566,0.8149032727026402,0.3053687037448628
0.020066889632107024,0.980327868852459,0.3476381526095464,1.0571318973099686,0.3884342189492881,0.4106262028579767,0.3428781392639266,0.8168474829562768,0.3172915140428133
0.026755852842809364,0.9739413680781759,0.354721586995972,1.0606492983482525,0.40243949639253385,0.42684716947636514,0.34834821981809433,0.81862184082485,0.32944576135748166
0.033444816053511704,0.9676375404530745,0.36182744088176383,1.063809464400844,0.41674251510859245,0.44333463179073235,0.35382960201743624,0.8202281675535836,0.3418239495091924
0.04013377926421405,0.9614147909967846,0.3689531517371204,1.0665601067054418,0.43133938685360934,0.4600493824688454,0.3593211718923897,0.8216674883524817,0.35441755062350466
0.046822742474916385,0.9552715654952076,0.3760958035132748,1.0689812896353317,0.4462256403992546,0.477006860542347,0.3648218092194762,0.8229403451356774,0.36721708251855123
0.05351170568561873,0.9492063492063493,0.38325390477572013,1.07183999744516,0.46139621015913673,0.49454291271817563,0.3703304072788201,0.8240492156307582,0.3802131850766411
0.06020066889632107,0.943217665615142,0.3904348001346148,1.074152777640844,0.4768454259220817,0.5122048387595354,0.37584587899380073,0.8249968147721027,0.39339595752436407
0.06688963210702341,0.9373040752351097,0.39762384160034686,1.0752796110662501,0.49256700376160606,0.5296472562288479,0.3813671539647346,0.825783663041193,0.40675378465948414
0.07357859531772575,0.9314641744548287,0.40481981165389574,1.0761652862655176,0.5085540381891124,0.5472882020892711,0.3868931520779638,0.826411517091465,0.4202749142228552
0.0802675585284281,0.9256965944272446,0.4120207016172769,1.0767328884434377,0.5247989956162281,0.5650683384020763,0.39242282643418563,0.8268830237144869,0.43394738033747243
0.08695652173913043,0.92,0.4192242650109986,1.0767982412136305,0.5412937091892487,0.5828641140349854,0.3979551323283248,0.827199898550834,0.4477581013275511
0.09364548494983277,0.9143730886850153,0.4264260292589308,1.0762409610677999,0.5580293750558534,0.6005740709141754,0.4034890458127921,0.8273647786625773,0.4616938503803025
0.10033444816053512,0.9088145896656535,0.43362213739986555,1.0754816797549545,0.5749965501211419,0.6183982555775895,0.40902355746093455,0.8273795637091723,0.47574039477350966
0.10702341137123746,0.9033232628398792,0.44081374403826135,1.0752535309218416,0.592185151346586,0.6367491749449018,0.41455766873866734,0.8272460193826987,0.48988280918900423
0.11371237458193979,0.897897897897898,0.44800680002089355,1.0749716762331474,0.6095844566417056,0.6552860251618066,0.4200903938406362,0.8269668671932742,0.5041061483987055
0.12040133779264214,0.8925373134328359,0.45519463602800236,1.0734116368598734,0.6271831073941909,0.6732256459188602,0.42562077064091847,0.8265446232364084,0.5183948252013714
0.12709030100334448,0.8872403560830862,0.4623668219186845,1.0713054555754056,0.6449691126797786,0.6909589290914754,0.4311478469943005,0.8259815504488408,0.5327325876828567
0.13377926421404682,0.8820058997050149,0.46952648158753957,1.069306881473338,0.6629298551884919,0.7088754560871778,0.43667069104826084,0.8252794733030413,0.54710240172682
0.14046822742474915,0.8768328445747802,0.47667193070093655,1.0664413311615064,0.6810520988988605,0.7263021069400387,0.4421883750652442,0.8244414016757773,0.5614875470304067
0.1471571906354515,0.8717201166180759,0.483793255248563,1.0631760095262237,0.6993219985264758,0.7435023717672823,0.4477000074586391,0.8234696560736552,0.5758704456113383
0.15384615384615385,0.8666666666666667,0.49089502112938105,1.060251529447946,0.7177251107677259,0.7609691464146778,0.45320469153445697,0.8223675826029222,0.5902338643154693
0.1605351170568562,0.8616714697406341,0.49797722219769947,1.056610881496006,0.7362464073537908,0.7779259654723564,0.45870158047004955,0.821137029435441,0.6045591878670074
0.16722408026755853,0.8567335243553009,0.5050302837580902,1.0531111995279971,0.7548702899240125,0.7949623565099238,0.4641898022961351,0.8197801874251169,0.6188277077555593
0.17391304347826086,0.851851851851852,0.5120656663385422,1.0502459004034108,0.7735806067215898,0.812449860840933,0.4696685394991481,0.8183010713118222,0.6330218392263263
0.1806020066889632,0.8470254957507083,0.5190803961380689,1.045968003381283,0.792360671108191,0.828783909116888,0.4751369738187013,0.8167015380343017,0.647122178771951
0.18729096989966554,0.8422535211267607,0.5260585493269206,1.0410397411307173,0.8111932818875989,0.8444844441832429,0.480594312583219,0.8149832222293867,0.6611089147235865
0.1939799331103679,0.8375350140056022,0.5330073491966737,1.0365532122923966,0.8300607454218777,0.8604021320648686,0.48603975940036526,0.8131504389976314,0.674964259534501
0.20066889632107024,0.8328690807799443,0.5399254819328392,1.0311350329189963,0.8489448995168362,0.8753768269097069,0.49147257932566224,0.8112053108092567,0.6886686110724883
0.20735785953177258,0.8282548476454293,0.5468017977975967,1.0257077002099138,0.8678271390467792,0.890136978971421,0.49689200436102426,0.8091496674251246,0.7022020409421987
0.2140468227424749,0.8236914600550964,0.5536473240761156,1.020256649831893,0.8866884432817165,0.9046497805872605,0.5022973240403796,0.8069879823364161,0.7155469178049301
0.22073578595317725,0.8191780821917808,0.5604507161899966,1.014529378732263,0.905509404873353,0.9186658939623839,0.5076878302116786,0.8047209875106844,0.7286824224898968
0.22742474916387959,0.8147138964577656,0.5672196234571492,1.0094608515877965,0.9242702604493828,0.9330146442105084,0.5130628222010576,0.8023534396464242,0.7415914226344587
0.23411371237458192,0.8102981029810298,0.5739552091878267,1.0037129652371135,0.9429509227588331,0.9464520667553408,0.5184216554912294,0.799886581687069,0.7542537903042305
0.2408026755852843,0.8059299191374663,0.5806472216543012,0.9978248876183216,0.9615310143045269,0.9594395762899454,0.5237636460363361,0.7973228457779271,0.7666506446290221
0.24749163879598662,0.8016085790884718,0.5873040371158312,0.991082526914937,0.9799899023921699,0.9712508688139542,0.5290881818561517,0.794666871148408,0.7787655094910193
0.25418060200668896,0.7973333333333333,0.593905850776909,0.9841912003462667,0.9983067355191453,0.9825247043443506,0.5343946409680873,0.7919197878252646,0.7905788581768541
0.2608695652173913,0.793103448275862,0.6004704745786575,0.9773998722354165,1.0164604810198563,0.9934883442811575,0.5396824265093325,0.7890846104939655,0.8020733227480621
0.26755852842809363,0.7889182058047494,0.6069814343519647,0.9702330117945692,1.0344299638784367,1.003638099344323,0.5449509568275384,0.7861629961401633,0.8132305596998326
0.27424749163879597,0.7847769028871391,0.6134501804220631,0.9630918259591397,1.0521939066138486,1.013359350783812,0.5501996572269267,0.7831589538048078,0.8240350791034954
0.2809364548494983,0.7806788511749347,0.6198656059367024,0.9556872959080707,1.06973097013689,1.0223282981992414,0.5554279996878033,0.7800757233295315,0.8344711602975359
0.28762541806020064,0.7766233766233767,0.6262352947485925,0.9482234815380011,1.0870197954734018,1.0307376949645148,0.5606354528567532,0.7769140923116922,0.8445209977250592
0.294314381270903,0.772609819121447,0.632550869903766,0.9408956406324336,1.1040390462431058,1.038785525698128,0.5658214992505015,0.773676897005501,0.854169503470279
0.3010033444816054,0.768637532133676,0.6388225273991937,0.9336822625456591,1.1207674517789656,1.0464406901645176,0.5709856454588335,0.7703677421204489,0.8634030912690508
0.3076923076923077,0.7647058823529411,0.6450416025130726,0.9262867919043387,1.137183850767843,1.0533583809331675,0.5761274222220126,0.7669897274507775,0.8722083317618535
0.31438127090301005,0.7608142493638677,0.6512143239464089,0.9187061901406537,1.1532672352894866,1.059513747946849,0.5812463775986432,0.7635428647844336,0.880568968694958
0.3210702341137124,0.7569620253164557,0.6573319863276633,0.9111468222471757,1.1689967951276112,1.0651277150976557,0.5863420424866873,0.7600308272866982,0.8884736012963372
0.3277591973244147,0.7531486146095718,0.6634035790935282,0.9028966729048662,1.184351962223979,1.0693474462403805,0.5914140140840839,0.7564577612800178,0.8959122339115475
0.33444816053511706,0.7493734335839599,0.6694108715839157,0.8947745854058127,1.1993124551440517,1.073114304823546,0.596461878757992,0.752824027727506,0.9028712329853089
0.3411371237458194,0.7456359102244389,0.6753738076608301,0.8864963478522938,1.213858323420902,1.076080970522738,0.601485238535288,0.7491324818077416,0.9093406983872846
0.34782608695652173,0.7419354838709677,0.6812703544983276,0.8779703986579079,1.227969991642722,1.0781213031025085,0.6064837179795002,0.7453864906075438,0.9153122426419434
0.35451505016722407,0.7382716049382716,0.6871192310542469,0.8698945884988731,1.2416283031484328,1.08008574183586,0.6114569641621448,0.7415862967833959,0.920774535313298
0.3612040133779264,0.7346437346437347,0.6929077402976437,0.8613526946536325,1.2548145631955816,1.080837905299135,0.6164046048929904,0.7377363388371592,0.9257223017714574
0.36789297658862874,0.7310513447432763,0.6986423440262018,0.8537700937769443,1.2675105814649614,1.0821626280006094,0.6213263466215048,0.7338375359384699,0.9301468418781845
0.3745819397993311,0.7274939172749392,0.7043294137929874,0.8453788482111335,1.2796987137671547,1.0818302247017464,0.6262218294540401,0.7298916054342754,0.9340413486636859
0.3812709030100334,0.7239709443099274,0.7099517600557822,0.8369506300470064,1.2913619028175347,1.0808061581818367,0.6310907828146054,0.7259036471075646,0.9374043149910128
0.3879598662207358,0.7204819277108434,0.7155260777401046,0.8285045171434362,1.3024837179481277,1.079113643825801,0.6359329150340745,0.7218736198306317,0.9402286362456744
0.39464882943143814,0.7170263788968825,0.7210354325259286,0.8195524565894559,1.3130483936271597,1.0761120366179775,0.6407479549862527,0.7178035324777099,0.9425107752597578
0.4013377926421405,0.7136038186157518,0.7264899902028398,0.8115907076722451,1.3230408666600655,1.073767673251943,0.6455356378765856,0.7136947443196391,0.9442473130553891
0.4080267558528428,0.7102137767220903,0.7318928332974637,0.8028847405510575,1.3324468119492252,1.0698012129099375,0.650295710763104,0.7095519057019075,0.945440174665004
0.41471571906354515,0.706855791962175,0.7372309231868004,0.7944201486255764,1.341252676693705,1.0655181507634652,0.6550279710632332,0.7053752978704111,0.9460865063423083
0.4214046822742475,0.703529411764706,0.742520527593458,0.7864210178328577,1.3494457129147845,1.0612324710606311,0.6597321695974908,0.7011657968365128,0.946185178583511
0.4280936454849498,0.7002341920374707,0.7477516056996145,0.777354231814364,1.3570140081980677,1.05488058190414,0.6644081155025177,0.6969279777175785,0.9457410284679049
0.43478260869565216,0.696969696969697,0.7529199153100381,0.7690503059429616,1.3639465145484366,1.0489434843033114,0.6690556208044149,0.6926625024887585,0.9447546060279399
0.4414715719063545,0.6937354988399073,0.7580399041068783,0.7611609010708662,1.3702330752600425,1.0429678422420379,0.6736745034956783,0.6883711746302978,0.9432289515340407
0.44816053511705684,0.6905311778290993,0.7631026698394142,0.7524348708593322,1.3758644497098738,1.0352483895373952,0.6782645997292349,0.684055557927401,0.9411677237787642
0.45484949832775917,0.6873563218390805,0.7681059224461335,0.7442215936974819,1.380832335990192,1.0276452417196373,0.682825748417784,0.6797163856956203,0.9385743646708937
0.4615384615384615,0.6842105263157895,0.7730588115611197,0.7359002116620417,1.385129391302249,1.0193170122386401,0.687357795524494,0.6753581467723535,0.9354584187498051
0.46822742474916385,0.6810933940774488,0.7779507413312444,0.7268444205555582,1.388749250041169,1.0094046439431394,0.6918606400134008,0.6709809898291397,0.9318243464170989
0.47491638795986624,0.6780045351473922,0.7827824827391204,0.7185932584990979,1.3916865395096398,1.0000565652355657,0.6963341298365896,0.6665851548849275,0.927677587490302
0.4816053511705686,0.6749435665914221,0.7875640290703629,0.7106158472780351,1.3939368932061291,0.9905536464177853,0.7007781671690521,0.6621750595085274,0.9230302452099004
0.4882943143812709,0.6719101123595506,0.7922890492578901,0.7016259466658141,1.395496961641611,0.9791168767810626,0.7051926590607839,0.6577511173259722,0.9178896857447691
0.49498327759197325,0.668903803131991,0.7969503293602066,0.6931472961362672,1.3963644206473038,0.967886222592564,0.7095775132202357,0.6533145475133395,0.9122651896389198
0.5016722408026756,0.665924276169265,0.8015619227847967,0.6856955484179252,1.3965379771445714,0.9575998741246068,0.7139326530074507,0.6488676767025439,0.9061683526566683
0.5083612040133779,0.6629711751662971,0.8061235139544263,0.6770769808404111,1.3960173723569385,0.9452112276761999,0.71825801725639,0.6444093269712141,0.8996066153606576
0.5150501672240803,0.6600441501103752,0.8106198088161065,0.6687504882976398,1.3948033824530544,0.9327754430946797,0.7225535135689385,0.6399435790376486,0.8925954686208258
0.5217391304347826,0.6571428571428571,0.8150700087811505,0.6617250805377779,1.3928978166183639,0.9217154198826818,0.726819135370606,0.6354720390152124,0.8851476156663092
0.5284280936454849,0.6542669584245077,0.819472318254739,0.654140363170221,1.390303512562197,0.9094536446242694,0.731054811749744,0.6309950130804722,0.8772745830950099
0.5351170568561873,0.6514161220043573,0.8238210504289127,0.6454101037949371,1.38702432947589,0.8951995164531372,0.7352605402278699,0.6265148125160209,0.8689912877367468
0.5418060200668896,0.6485900216919739,0.8281065671349388,0.6370637644560588,1.3830651384664034,0.8811006835993472,0.7394362808135034,0.6220299263770244,0.860307906254886
0.5484949832775919,0.6457883369330453,0.8323436425955489,0.6297819593081968,1.3784318104986273,0.8681114863885705,0.7435820108148535,0.6175442274734024,0.8512426075391383
0.5551839464882943,0.643010752688172,0.8365317438480919,0.6221784455193031,1.3731312018881525,0.8543326366848232,0.7476977420506058,0.6130587588947947,0.8418101104292686
0.5618729096989966,0.6402569593147751,0.8406671000606901,0.6136856820605772,1.3671711373946882,0.8390133519455942,0.7517834657833458,0.6085730781164358,0.832023547396234
0.568561872909699,0.6375266524520256,0.844741585748568,0.6055853546032282,1.360560390974477,0.8239354468273854,0.7558391879116952,0.6040906844152971,0.8219018577721161
0.5752508361204013,0.6348195329087049,0.8487685763764523,0.5984679560993698,1.3533086642579777,0.8099118702700401,0.7598649465113095,0.5996124155610545,0.8114606771754301
0.5819397993311036,0.6321353065539111,0.8527478460308338,0.59138699792544,1.3454265628267124,0.7956677759192329,0.7638607586884317,0.5951368244987023,0.8007128921968933
0.588628762541806,0.6294736842105263,0.8566801081212744,0.5832728216736456,1.3369255703704674,0.7797923497976306,0.7678266431601216,0.5906662882511,0.7896768643187089
0.5953177257525083,0.6268343815513626,0.8605508269227888,0.5752766281482451,1.3278180208129813,0.7638626738077682,0.7717626488322592,0.5862035611307661,0.7783716523341754
0.6020066889632107,0.6242171189979123,0.8643761165245956,0.5685754311256943,1.3181170685008061,0.7494489804969822,0.7756688312688945,0.5817480890600564,0.7668120857577874
0.6086956521739131,0.6216216216216216,0.8681571872054067,0.5618568867208893,1.3078366565561685,0.7348170321921058,0.7795452319634975,0.577299623247491,0.7550136090991343
0.6153846153846154,0.6190476190476191,0.871892596614507,0.5549335726969673,1.2969914835003613,0.7197441176963952,0.7833919031518041,0.5728597567424316,0.7429942257350225
0.6220735785953178,0.6164948453608248,0.8755810477097139,0.5472357798317091,1.285596968259432,0.7035246594747312,0.7872089076389815,0.568430056734023,0.7307719576047969
0.6287625418060201,0.6139630390143737,0.8792134766122557,0.5397279649137374,1.2736692136687093,0.6874348926666927,0.7909963186265068,0.5640120645213713,0.7183648027186004
0.6354515050167224,0.6114519427402862,0.8828014887119043,0.5331173402459513,1.2612249685969523,0.6723809007101906,0.794754219538933,0.5596072955106308,0.7057906937070207
0.6421404682274248,0.6089613034623218,0.886345481164041,0.5264900754922337,1.2482815888146706,0.6572078679306014,0.7984827038507292,0.5552129370488359,0.6930620871897806
0.6488294314381271,0.6064908722109533,0.8898448342034393,0.5198960016967362,1.234856996734382,0.6419972152694449,0.8021818173589843,0.5508323310329999,0.6801991580036092
0.6555183946488294,0.604040404040404,0.8933006116215224,0.5128715935088195,1.2209696401532604,0.6262006449712926,0.8058516982458195,0.5464655397736138,0.6672178334535465
0.6622073578595318,0.6016096579476861,0.8967059926450288,0.505430348505655,1.206638450130775,0.6098716923699211,0.8094923931419089,0.5421129021249129,0.6541342720159015
0.6688963210702341,0.5991983967935872,0.900062221634976,0.49859237282143454,1.1918827981355213,0.5942636724474405,0.8131040447625407,0.5377779380150045,0.6409682735368746
0.6755852842809364,0.5968063872255489,0.9033761247229074,0.4922656674958006,1.1767224525964934,0.5792600635847084,0.8166867468277283,0.5334576133070925,0.6277315510869937
0.6822742474916388,0.5944333996023857,0.9066477155145184,0.48621098624577996,1.161177534994557,0.5645772744961473,0.8202406014623012,0.5291531730345369,0.6144407770987919
0.6889632107023411,0.592079207920792,0.9098806195221821,0.4802768928140324,1.1452684756298401,0.550045984913363,0.8237657190422372,0.5248658393132999,0.6011122997005196
0.6956521739130435,0.5897435897435898,0.9130728244484855,0.4741721161699246,1.1290159692001929,0.5353478913052939,0.8272622180417433,0.5205968114620063,0.5877621136553072
0.7023411371237458,0.587426326129666,0.9162240592033851,0.46730130181200025,1.1124409303247613,0.5198450949297136,0.8307302248811937,0.5163472661385029,0.5744058331137633
0.7090301003344481,0.5851272015655578,0.9193243468807529,0.4604165343719302,1.0955644491451138,0.504415986856486,0.8341698737760377,0.5121172152402735,0.56105741481244
0.7157190635451505,0.5828460038986355,0.9223834777234109,0.4544235730729156,1.0784077471342381,0.49005390168225377,0.8375812913058128,0.5079040890692639,0.5477277044534523
0.7224080267558528,0.5805825242718446,0.9254035920054742,0.44853157404911315,1.0609921332411327,0.47588847157637165,0.8409645773087369,0.5037123227432403,0.5344348118471964
0.7290969899665551,0.5783365570599613,0.9283839001187169,0.4426462405268694,1.0433389604956518,0.4618300684586122,0.8443199176970267,0.4995413466788037,0.521190949368461
0.7357859531772575,0.5761078998073218,0.9313252808419541,0.4368953501916053,1.0254695831947502,0.44802289266070994,0.8476474046890553,0.495389346381927,0.5080067065533944
0.7424749163879598,0.5738963531669866,0.9342286539674339,0.4313063769748027,1.007405314787348,0.4345003364660917,0.8509471999228719,0.49126075729599705,0.4948986978464449
0.7491638795986622,0.5717017208413002,0.9370952658182056,0.4257983083644348,0.9891673865706959,0.42118579989107124,0.8542194549538846,0.48715382320406775,0.48187667415669055
0.7558528428093645,0.5695238095238095,0.9399249524070918,0.41991841164470145,0.9707769073064306,0.4076470969774719,0.8574643079256018,0.48306800294583496,0.4689512619184514
0.7625418060200668,0.5673624288425048,0.9427129034321816,0.4137230032589656,0.9522548238594468,0.3939697255949676,0.8606819031538289,0.4790042097994984,0.4561340694305549
0.7692307692307692,0.5652173913043479,0.945459708303533,0.40804241632685034,0.9336218829573543,0.3809573290575427,0.8638723909998426,0.47496333818200753,0.4434361661291965
0.7759197324414716,0.5630885122410546,0.9481716648546146,0.40291387439641824,0.9148985941626325,0.36862533725390256,0.8670359277448927,0.4709462638523121,0.4308680747246245
0.782608695652174,0.5609756097560976,0.9508498604693714,0.39769519258425134,0.8961051941436823,0.35637672776071966,0.8701726754660943,0.46695384412326746,0.4184397651442193
0.7892976588628763,0.5588785046728972,0.953492001879153,0.3924137973089614,0.877261612324832,0.3442495605257693,0.873282801913766,0.4629824085743053,0.4061566942239292
0.7959866220735786,0.5567970204841713,0.9560995433765146,0.387209161156008,0.8583874379890293,0.33237547981058685,0.8763664200624062,0.4590353547542918,0.3940301821139217
0.802675585284281,0.5547309833024119,0.9586720575467919,0.38198813927796493,0.839501888900448,0.32067976446141894,0.8794237431144922,0.4551138562845978,0.38206894201568686
0.8093645484949833,0.5526802218114603,0.9612097525976245,0.37688038238655963,0.8206237815076093,0.30927700457009233,0.8824548997451431,0.45121729038741876,0.37027963911934064
0.8160535117056856,0.5506445672191529,0.9637139355720301,0.37185978713567636,0.8017715027808968,0.29814658035555563,0.8854600948253607,0.44734345155512756,0.3586672314125479
0.822742474916388,0.5486238532110093,0.9661844654690048,0.3668336737587623,0.7829629837315463,0.28721718773936517,0.8884394275251448,0.4434935335424228,0.34723902028802195
0.8294314381270903,0.546617915904936,0.9686214094684684,0.3618848888834094,0.7642156746523594,0.27655810450452883,0.89139311868546,0.43967204316760444,0.3360042670951121
0.8361204013377926,0.5446265938069217,0.9710257348855053,0.3570475271225604,0.7455465221135636,0.2661955420754732,0.8943213277681897,0.43587472224655244,0.3249648832481327
0.842809364548495,0.5426497277676952,0.9733979650152585,0.3522297712959954,0.7269719477404263,0.25606116289121467,0.8972242186486246,0.43210222318516855,0.31412619481189036
0.8494983277591973,0.5406871609403255,0.9757378388493312,0.3471894777715647,0.7085078287924756,0.2459864630755248,0.9001019595164863,0.4283551836979598,0.30349300115384353
0.8561872909698997,0.5387387387387388,0.9780426403031725,0.3422678850463967,0.6901694805575215,0.2362228484339931,0.9029547227783631,0.42463422702176956,0.29306958389055937
0.862876254180602,0.5368043087971275,0.9803166734318917,0.33769192487457644,0.6719716405670987,0.22691939676423056,0.9057826849615936,0.4209399621336871,0.2828597169352261
0.8695652173913043,0.5348837209302326,0.982560258027247,0.3333727897805545,0.6539284546335405,0.2180019532380702,0.9085860266196164,0.41727075984982775,0.27286522315236106
0.8762541806020067,0.5329768270944742,0.9847765100844743,0.32915757654930644,0.6360534647026322,0.20936181699730824,0.9113649024846682,0.41362603293879374,0.26308827134192486
0.882943143812709,0.5310834813499112,0.9869637038673715,0.32482045724793807,0.6183595985097173,0.20085584753157779,0.9141194852542492,0.41001064509151774,0.2535340178835011
0.8896321070234113,0.5292035398230089,0.9891219342617042,0.32046345690888245,0.6008591610212635,0.19255340385624492,0.9168499947266951,0.40641902422269993,0.24420059391753204
0.8963210702341137,0.527336860670194,0.9912508404146476,0.31610932500251465,0.5835638276382634,0.18446996765061524,0.9195565290565595,0.40285366141736745,0.23509082463480796
0.903010033444816,0.5254833040421794,0.9933508215527079,0.3118533706307858,0.5664846391324477,0.17666014412401815,0.9222393413677302,0.3993172520303858,0.2262070894157938
0.9096989966555183,0.5236427320490368,0.9954227918612133,0.3077047069126877,0.5496319982811615,0.16912435294093967,0.9248985658730196,0.3958039317223694,0.2175465059201063
0.9163879598662207,0.5218150087260035,0.9974672724813057,0.3035775768533,0.5330156681619121,0.16181160496543592,0.9275343772436148,0.39231853505292236,0.20911192609353596
0.923076923076923,0.52,0.999484030347545,0.29946260716647544,0.5166447720630337,0.1547157904209255,0.9301469743687107,0.388860709138811,0.20090285243729067
0.9297658862876254,0.5181975736568458,1.0014734612059408,0.29542809623798405,0.5005277949626628,0.14786997358001547,0.9327365271986491,0.3854285105598194,0.1929176825062498
0.9364548494983277,0.5164075993091538,1.0034362456818324,0.2915136906135274,0.4846725865242848,0.14128869443689845,0.9353032086236917,0.382022373481405,0.1851557718653789
0.9431438127090301,0.5146299483648881,1.0053733099098008,0.2876365487953052,0.469086365553489,0.13492638327473852,0.9378471944024138,0.37864272145836253,0.17761613805218535
0.9498327759197325,0.5128644939965694,1.0072842262677228,0.2837567403858543,0.4537757258572814,0.12876192083548718,0.9403686630913622,0.375289967625946,0.1702974774664193
0.9565217391304348,0.5111111111111111,1.0091693867042604,0.27993513660966585,0.4387466434443472,0.1228206015696257,0.942867795976005,0.3719645148925963,0.16319818238953152
0.9632107023411371,0.5093696763202725,1.0110291779280527,0.2762664474175125,0.42400448500203547,0.1171382127606043,0.9453447770029688,0.36866484727089244,0.1563155487054488
0.9698996655518395,0.5076400679117148,1.0128652589105147,0.27279439228290414,0.4095540175835451,0.11172403933372502,0.9477997671769535,0.36538959062430365,0.1496467748233904
0.9765886287625418,0.505922165820643,1.0146786012361853,0.2692911500645607,0.3953994194368405,0.1064775643950064,0.9502329320614881,0.3621436565896943,0.14319139156829966
0.9832775919732442,0.5042158516020236,1.0164678161020138,0.26570107498446305,0.38154429190520844,0.10137672851339964,0.9526444983687888,0.3589225259986364,0.13694484103097848
0.9899665551839465,0.5025210084033613,1.0182331306674155,0.2621564796806126,0.36799167232807073,0.09647140136930853,0.9550345712052825,0.3557284305502435,0.13090510005282407
0.9966555183946488,0.5008375209380235,1.0199749261980755,0.2587243366138381,0.3547440478696986,0.09178091845279539,0.9574034071386918,0.3525599244640034,0.12506853472099574
1.0033444816053512,0.49916527545909845,1.0216943258060622,0.2553887861626407,0.34180337020282464,0.0872927478223991,0.959751091933898,0.3494161070278068,0.11943160298525524
1.0100334448160535,0.4975041597337771,1.023391498588211,0.2521450713327198,0.3291710709737991,0.08299886317135635,0.9620778701089634,0.3463028525707301,0.11399288086198889
1.0167224080267558,0.4958540630182421,1.0250675040178712,0.24891339823304293,0.31684807797589126,0.07886773181258726,0.9643839060151116,0.3432130958703965,0.10874640976269044
1.0234113712374582,0.4942148760330579,1.0267214437150747,0.24537313929111804,0.3048348319575797,0.07479827968271177,0.9666693496523802,0.3401474906225843,0.1036888031447279
1.0301003344481605,0.49258649093904444,1.0283500878210967,0.2418420535521335,0.29313130399319265,0.07089147651812842,0.9689343741170859,0.33710898487949237,0.09881719632554706
1.0367892976588629,0.49096880131362897,1.0299567889130965,0.23866987029276743,0.28173701334403717,0.06724213643149304,0.9711791688480924,0.33409736908313903,0.09412759493158405
1.0434782608695652,0.4893617021276595,1.0315429957848796,0.23557567629781317,0.27065104573919735,0.06375880314072178,0.9734039041382652,0.33111134421430677,0.08961563156771346
1.0501672240802675,0.4877650897226754,1.0331083029772812,0.23247860529606612,0.2598720720064448,0.06041469685545715,0.9756087520482838,0.3281511710669349,0.08527732475650569
1.0568561872909699,0.48617886178861786,1.0346530774610811,0.22943580078054993,0.24939836698519824,0.05722091404261042,0.9777938863598964,0.3252139900930473,0.08110783804994644
1.0635451505016722,0.48460291734197736,1.0361776782385594,0.22644695931199976,0.2392278286551721,0.05417241438177581,0.97995944087896,0.32230218865063875,0.07710365276170196
1.0702341137123745,0.4830371567043618,1.0376824682211079,0.22357997427030796,0.22935799741624066,0.051279855161012446,0.9821056213251224,0.31941912126048067,0.07326132998875919
1.0769230769230769,0.48148148148148157,1.0391687146836472,0.2208684375249419,0.21978607545711404,0.04854380707595176,0.9842326063807725,0.3165603344325234,0.06957555355031585
1.0836120401337792,0.4799357945425361,1.0406372299271271,0.2181622426093952,0.21050894615264829,0.045925103782002166,0.9863405421870959,0.3137241808558997,0.06604174669457828
1.0903010033444815,0.47840000000000005,1.0420872731132043,0.2154022161247866,0.20152319343198277,0.04340854246579313,0.9884295853888782,0.3109152493300229,0.06265663393168736
1.0969899665551839,0.4768740031897926,1.043518864925452,0.21267001870701563,0.1928251210621924,0.04100812210347901,0.9904999435159256,0.3081299882807258,0.05941520229312288
1.1036789297658862,0.47535771065182836,1.0449323569755056,0.20999034890435553,0.184410771794756,0.0387244823109023,0.9925517257003259,0.3053686279716459,0.05631326436615693
1.1103678929765886,0.473851030110935,1.0463281003622997,0.20736275180392738,0.17627594632484064,0.036553065306760356,0.9945851425523357,0.3026350783362943,0.05334728482482256
1.117056856187291,0.4723538704581359,1.0477064406116785,0.20478683076565574,0.16841622201618572,0.03448942435621973,0.9966003555108449,0.2999220739403512,0.05051174259229306
1.1237458193979932,0.4708661417322834,1.0490677235163552,0.20174066901020637,0.16082697134721766,0.032445340794472984,0.9985974779896646,0.2972333437471093,0.04780313845825404
1.1304347826086956,0.4693877551020409,1.050405312437902,0.1986715280146285,0.15350338003691993,0.030496751067345104,1.0005767213134817,0.2945718635215684,0.04521777671433502
1.137123745819398,0.4679186228482003,1.051725536600163,0.1961518687071333,0.14644046481190875,0.0287245708271971,1.0025382387056723,0.29193337496370475,0.04275085912379417
1.1438127090301002,0.46645865834633393,1.0530294177048871,0.1937338389083152,0.13963309077911443,0.027051654715271108,1.0044821845236986,0.2893180452627746,0.04039837287821294
1.1505016722408026,0.4650077760497667,1.0543172936424148,0.19139645672372296,0.1330759883714212,0.02547027264929738,1.0064087142275824,0.28672603694825227,0.03815635075870931
1.157190635451505,0.4635658914728683,1.0555899054202547,0.18914484578799318,0.1267637698365605,0.0239767136972409,1.0083179843490933,0.28415750799739214,0.03602087694111202
1.1638795986622072,0.4621329211746522,1.0568476594723544,0.18692824223839466,0.12069094524247884,0.022560546248266908,1.0102101524616611,0.28161261194175324,0.03398809232745358
1.1705685618729096,0.4607087827426811,1.0580906176910023,0.18472334411538327,0.11485193797529748,0.02121583406092953,1.0120853771509897,0.27909149797368116,0.032054199414706094
1.177257525083612,0.4592933947772657,1.0593188747782458,0.18255901475463077,0.10924109970882408,0.019942947533555307,1.0139438179863927,0.27659431105222154,0.030215466712549235
1.1839464882943143,0.4578866768759572,1.060532878757954,0.18043918761081557,0.10385272482737842,0.01873910129902174,1.0157856354928254,0.27411919493151515,0.02846802532112515
1.1906354515050166,0.4564885496183206,1.0617327769536413,0.17762886247368215,0.09868106428642652,0.017528605196890243,1.0176109644068811,0.2716645965964517,0.026808151521080577
1.197324414715719,0.45509893455098943,1.0629091846104446,0.17487956083766676,0.093720338898174,0.016389771708069965,1.0194199444773933,0.2692354234218328,0.025232835126487545
1.2040133779264215,0.4537177541729894,1.0640723028511352,0.17288298623381593,0.08896475203185635,0.015380492000818268,1.0212127760914542,0.26682820972621357,0.02373830551339675
1.2107023411371238,0.4523449319213313,1.0652220004797934,0.17090070293444626,0.08440850172095443,0.01442547227775453,1.0229895526342658,0.2644424965733805,0.022321194927107674
1.2173913043478262,0.45098039215686275,1.0663585998803586,0.16896641360621345,0.0800457921719591,0.013525050427564245,1.0247504683533053,0.26207949124042784,0.020978360488364062
1.2240802675585285,0.4496240601503759,1.067482420728706,0.16707976103626265,0.07587084467161748,0.01267648259735325,1.0264956327846395,0.25973971490617487,0.0197066715646966
1.2307692307692308,0.4482758620689655,1.0685937806300077,0.16524052673720746,0.07187790789177845,0.01187714336080595,1.0282252471480369,0.2574193836144332,0.01850276674499661
1.2374581939799332,0.4469357249626308,1.0696929963372304,0.16327598626533302,0.06806126759304643,0.011112770592723404,1.0299393703580768,0.25511976313732987,0.01736377446716443
1.2441471571906355,0.4456035767511177,1.0707780747606475,0.1605441905056324,0.06441525573042582,0.010341495087454512,1.0316382205679342,0.252846431744274,0.01628716756133307
1.2508361204013378,0.4442793462109955,1.0718407447051987,0.15800968007263805,0.060934258965993124,0.00962820276467985,1.0333219313178663,0.25059240936107585,0.015269662766919956
1.2575250836120402,0.44296296296296295,1.072891916634529,0.156313783186377,0.05761272659537837,0.00900566325380599,1.0349906273821292,0.2483569976248532,0.014308523802209702
1.2642140468227425,0.4416543574593796,1.0739318989953175,0.15466397063812565,0.05444517789645845,0.008420707395565379,1.0366444329583326,0.2461433425128945,0.013401318071143446
1.2709030100334449,0.44035346097201766,1.0749609998537681,0.15306016349954632,0.05142620891016698,0.007871303943951984,1.0382835149073852,0.24395233558411178,0.012545543773871693
1.2775919732441472,0.43906020558002934,1.0759795266006627,0.1515021994007668,0.048550498664709556,0.00735550732970749,1.0399080093541067,0.24178172413114396,0.011738623274580279
1.2842809364548495,0.4377745241581259,1.0769877851300325,0.14965275018973045,0.045812814855738904,0.006856013737094266,1.041518053022852,0.23963159646288545,0.01097819796233931
1.2909698996655519,0.4364963503649635,1.0779815700814617,0.1470655451627323,0.043208018996187876,0.006354410869076063,1.043113783219831,0.23750203827928829,0.010261992581604828
1.2976588628762542,0.43522561863173215,1.0789552171723433,0.1448733630954564,0.040731071050490945,0.005900847245564608,1.044695337815886,0.23539166360322383,0.009587754574916174
1.3043478260869565,0.4339622641509434,1.0799196752733742,0.1435133790204759,0.03837703356883932,0.005507617764246364,1.0462628355757269,0.2332998212752102,0.008953355072682957
1.3110367892976589,0.43270622286541244,1.0808751285973663,0.14219515215816614,0.036141075337917786,0.005139085706834965,1.0478164056590327,0.23122942005394975,0.008356879890512836
1.3177257525083612,0.43145743145743143,1.0818219515564265,0.14093355833354337,0.03401847456526611,0.004794344669562093,1.0493562057436727,0.22918126780811576,0.0077963971297658275
1.3244147157190636,0.4302158273381295,1.0827605273710592,0.13954111689672288,0.03200462161499705,0.004465960646013688,1.0508823757969339,0.22714997661674374,0.007269849051474311
1.3311036789297659,0.42898134863701576,1.0836887223510314,0.13706453559329645,0.030095021313086997,0.004124960119948628,1.0523950014174752,0.22513682485944742,0.006775497542505804
1.3377926421404682,0.42775393419170243,1.0845941666432104,0.13474833047669676,0.028285294840844494,0.0038113962568449198,1.0538942396746522,0.22314625492413143,0.006311757613159305
1.3444816053511706,0.42653352353780316,1.0854913756015558,0.13353909374129103,0.02657118123545418,0.0035482914618181487,1.0553802355970623,0.221172053430422,0.005876802715917299
1.351170568561873,0.42532005689900426,1.0863806428136624,0.13237357886931989,0.024948538516695585,0.003302527331014068,1.0568530631319155,0.21921734019157668,0.0054691522552971095
1.3578595317725752,0.42411347517730497,1.0872622595998076,0.1312514831799092,0.023413344459054443,0.0030730361864530044,1.0583129090444412,0.21728235213332425,0.005087306555371084
1.3645484949832776,0.4229137199434229,1.0881365154983436,0.12960000486907575,0.02196169702847959,0.0028462360418241212,1.0597598504514247,0.2153637542549376,0.004729753521862871
1.37123745819398,0.4217207334273625,1.0889960389291597,0.12722451676953028,0.02058981450299729,0.0026195292005180967,1.0611940295027014,0.21346677762321065,0.004395241353814481
1.3779264214046822,0.42053445850914206,1.089838515722685,0.1254425781132511,0.019294035296284352,0.002420293529773974,1.0626155932958825,0.2115859881892277,0.004082347524322163
1.3846153846153846,0.41935483870967744,1.0906742005092702,0.12444847747229915,0.018070817503121363,0.0022488857249432282,1.0640246112844969,0.2097212265286288,0.0037898340111296256
1.391304347826087,0.4181818181818182,1.0915033782975654,0.1234969085616342,0.016916738185407836,0.002089164868844417,1.0654212284333893,0.20787714354729303,0.003516603212119998
1.3979933110367893,0.4170153417015342,1.0923263330652786,0.12240586019403565,0.015828492417123093,0.0019375002298927227,1.0668055764155644,0.206051323557773,0.0032614818124723868
1.4046822742474916,0.41585535465924894,1.0931409148887898,0.12011283653826865,0.014802892106268126,0.0017780173598538108,1.0681777678789781,0.20424237110789534,0.003023377783038549
1.411371237458194,0.4147018030513176,1.0939331937547538,0.11802168790100609,0.013836864611426277,0.001633050116698228,1.069537915828379,0.20245033875136187,0.0028012779278399806
1.4180602006688963,0.41355463347164595,1.0947198003456595,0.117213334353508,0.01292745117014191,0.001515269656344492,1.0708861336147824,0.20067527748844327,0.0025942198507865285
1.4247491638795986,0.4124137931034483,1.0955012651173426,0.11647315607176267,0.01207180515583961,0.0014060412459840162,1.0722225349252144,0.19891723680891005,0.002401290124895169
1.431438127090301,0.41127922971114167,1.0962779696576563,0.11558062822730619,0.011267190179494924,0.0013022689193025582,1.073547233772761,0.19717626473563143,0.002221622473658798
1.4381270903010033,0.4101508916323731,1.0970474942575072,0.11339880784584011,0.010510978051729594,0.001191932380359927,1.0748603444868952,0.19545240786655427,0.0020543959692430527
1.4448160535117056,0.40902872777017785,1.097795010565293,0.11141131671202231,0.00980064662043929,0.0010919029446123728,1.0761619817040862,0.19374571141656816,0.0018988332518193947
1.451505016722408,0.40791268758526605,1.0985379466549925,0.11074711271275817,0.009133777498476927,0.0010115394861170785,1.0774522603586887,0.19205621925918592,0.0017541987739121035
1.4581939799331103,0.4068027210884354,1.0992765772905473,0.11012394553418403,0.00850805369531348,0.0009369404417446149,1.0787312956741086,0.19038195266988112,0.0016197798759339781
1.4648829431438126,0.40569877883310723,1.1000111766955836,0.108932065974642,0.007921257165983079,0.0008628789082069744,1.0799991761134697,0.18872156206876411,0.001494912025912718
1.471571906354515,0.4046008119079838,1.1007338624540877,0.10679353730958496,0.007371266289994805,0.0007872036015594461,1.0812559988455972,0.1870797544919185,0.001379014687826783
1.4782608695652173,0.4035087719298246,1.1014398527799927,0.10529880384540036,0.006856053292263388,0.0007219342107756538,1.082501915303997,0.1854550527060752,0.001271489724672367
1.4849498327759196,0.4024226110363392,1.1021425421041933,0.10482569987483714,0.006373681617477294,0.0006681256363314414,1.0837370028951767,0.18384296275884537,0.0011717565122386156
1.491638795986622,0.40134228187919463,1.1028422032799905,0.10438954970101122,0.005922303268688892,0.0006182265714112603,1.0849613529328779,0.1822491433146496,0.0010793346971680994
1.4983277591973243,0.40026773761713524,1.103539057819257,0.10256124242233966,0.00550015612028048,0.0005641028452128015,1.0861751185248043,0.18066894767575548,0.0009937074183034402
1.5050167224080266,0.3991989319092123,1.1042142600348044,0.10049345158653011,0.0051055612148342,0.0005130754687650065,1.0873783288215169,0.17910414795751706,0.000914427191227825
1.511705685618729,0.3981358189081225,1.1048834518204147,0.09985930210206106,0.00473692005281499,0.0004730255305873631,1.0885711606379482,0.1775559931149644,0.000841068544283755
1.5183946488294313,0.3970783532536521,1.1055501704308186,0.09950954276956736,0.004392711883367583,0.00043711675103235326,1.0897536598330881,0.1760203629611823,0.0007732067400942605
1.5250836120401337,0.3960264900662252,1.1062146831618136,0.09833522727433319,0.004071491003931023,0.00040037099321696016,1.090925948102312,0.17450311178944844,0.000710487849808709
1.531772575250836,0.39498018494055487,1.1068656918659268,0.09632060295044198,0.003771884075790332,0.00036331014843929535,1.0920881496229136,0.172998067962169,0.0006525286576889988
1.5384615384615383,0.393939393939394,1.1075032531009499,0.09518785797868645,0.003492587462116188,0.0003324519193220566,1.093240303526555,0.1715057360501362,0.0005989987834097139
1.5451505016722409,0.392904073587385,1.1081391080261767,0.09495838136624002,0.0032323645944906418,0.00030694010987837415,1.0943825407406411,0.1700311311001741,0.0005496026081293994
1.5518394648829432,0.3918741808650066,1.1087735993399632,0.0942393776485062,0.0029900433733816034,0.0002817798266495224,1.0955149674877613,0.16857114836798814,0.0005040350451210301
1.5585284280936456,0.3908496732026143,1.1093998354863572,0.09232032937570978,0.0027645136075121015,0.00025522080680914885,1.0966376731602798,0.16712454652990516,0.0004620180830312122
1.565217391304348,0.3898305084745763,1.1100086539135514,0.09094914068420223,0.0025547244965729303,0.00023234999764818918,1.097750747374449,0.1656913530153048,0.00042329575841851226
1.5719063545150502,0.388816644993498,1.1106165463985205,0.09086856190911874,0.002359682161249724,0.00021442092455536366,1.0988542798895815,0.16427088424086378,0.0003876270751558847
1.5785953177257526,0.38780804150453957,1.1112242868487905,0.09035815689946958,0.0021784472240788323,0.0001968404760705291,1.0999483511770023,0.16286459989782998,0.0003547919355481374
1.585284280936455,0.3868046571798188,1.1118253511730953,0.08844589467283015,0.002010132444210457,0.0001777879624390767,1.1010330705236662,0.16147324500209947,0.0003245826086506642
1.5919732441471572,0.3858064516129033,1.1124075095199988,0.08701740890307974,0.0018539004087430666,0.0001613216099331821,1.102108528367666,0.1600941337563455,0.00029679858000825613
1.5986622073578596,0.3848133848133848,1.112989463666782,0.08700629435918472,0.0017089612829000508,0.00014869038842845177,1.103174798065557,0.1587278054823429,0.0002712596740890144
1.605351170568562,0.38382541720154045,1.113571473324135,0.0864195909783092,0.0015745706209479569,0.00013607374902878478,1.1042319772704396,0.15737566367079125,0.0002477990964682146
1.6120401337792643,0.3828425096030729,1.1141455785962577,0.08455647581253345,0.0014500272394056516,0.00012260919319631862,1.1052801581146647,0.15603722629775518,0.00022625822849304888
1.6187290969899666,0.3818646232439336,1.1147026636360085,0.08332384166233453,0.0013346711537648777,0.00011120992788759002,1.106319431802851,0.1547124371501667,0.0002064902269929891
1.625418060200669,0.3808917197452229,1.1152602788191652,0.08342237576569289,0.0012278815796348778,0.00010243279853207333,1.1073498897153358,0.1534009073956355,0.00018835814849037653
1.6321070234113713,0.3799237611181703,1.1158186820409006,0.08257167439491298,0.0011290749989367492,9.322961317964196e-05,1.1083716178549667,0.15209796761861583,0.00017173001262727036
1.6387959866220736,0.37896070975918883,1.1163649166037126,0.08075649839334176,0.0010377032915064339,8.380128419330477e-05,1.109384645134983,0.15080847486331095,0.00015649445075272307
1.645484949832776,0.37800252844500637,1.116899036534457,0.07998426324877528,0.0009532519322182936,7.624515348895168e-05,1.1103891225354123,0.14953634657473458,0.00014254581130923014
1.6521739130434783,0.3770491803278688,1.117434940192325,0.08025013522194513,0.0008752382535136776,7.023798819589172e-05,1.1113851313767853,0.14827122138831328,0.00012977264485424715
1.6588628762541806,0.37610062893081764,1.117972616938764,0.07893318015591433,0.0008032097730100858,6.339990171599615e-05,1.112372684025557,0.1470200057720632,0.00011808790546412039
1.665551839464883,0.37515683814303635,1.1184909024686582,0.0771903572068453,0.0007367425856757414,5.686942335780531e-05,1.1133519541964785,0.1457814277799372,0.00010740338604609228
1.6722408026755853,0.37421777221526914,1.119005263857919,0.07705426634474577,0.0006754398198812276,5.204551978097522e-05,1.1143229372400043,0.14455434381963528,9.76377599525835e-05
1.6789297658862876,0.37328339575530584,1.1195217287742736,0.07706649539925081,0.0006189301564834177,4.7698778057086895e-05,1.115285791571992,0.14333888971731312,8.871676144289595e-05
1.68561872909699,0.3723536737235368,1.1200362537629258,0.07534397323767905,0.0005668664099565195,4.270996762110321e-05,1.1162405143599683,0.14213544389029664,8.057180880566877e-05
1.6923076923076923,0.3714285714285714,1.1205296749045435,0.07396103930288689,0.0005189241704601389,3.8380170966620305e-05,1.11718726908223,0.1409438077043177,7.313914849445639e-05
1.6989966555183946,0.37050805452292446,1.1210256991047705,0.07436583069355152,0.00047480050562387946,3.530893401443807e-05,1.1181260502489894,0.13976137944688105,6.635877362807e-05
1.705685618729097,0.3695920889987639,1.1215245355158285,0.07355759060206424,0.00043421272073149533,3.193964154577579e-05,1.1190569865330244,0.13859496026039153,6.017969477433808e-05
1.7123745819397993,0.36868064118372385,1.1220097471395807,0.0719354762758968,0.000396897175904277,2.8550987381232558e-05,1.1199801634297304,0.1374365202126029,5.454816673849317e-05
1.7190635451505016,0.3677736777367773,1.122486883024536,0.07156757556302296,0.00036260815881235134,2.5950986805571583e-05,1.1208956021880425,0.1362873439230725,4.9418902849371023e-05
1.725752508361204,0.3668711656441718,1.1229671728996211,0.07176784981390938,0.0003311168113832199,2.3763541590211486e-05,1.121803405488902,0.1351522933250635,4.475119641692466e-05
1.7324414715719063,0.36597307221542225,1.123446988038769,0.07010705226150549,0.00030221010892839557,2.1187059900598295e-05,1.1227036596238293,0.13402874358412475,4.050484119809434e-05
1.7391304347826086,0.3650793650793651,1.123905059886397,0.06875100805822854,0.00027568989007068894,1.8953957853822073e-05,1.1235964321589236,0.13291530762842285,3.6643406548791696e-05
1.745819397993311,0.3641900121802679,1.1243667339659693,0.06930839895711927,0.0002513719358258719,1.742218641484291e-05,1.1244817908295608,0.13181201049322055,3.313384024278099e-05
1.7525083612040133,0.3633049817739976,1.124832262548031,0.06826827538637303,0.00022908509617234146,1.5639244432407156e-05,1.1253598035367594,0.13071832022350804,2.994561895988927e-05
1.7591973244147157,0.3624242424242424,1.1252800219310044,0.06673092918227042,0.00020867046243039358,1.3924773850874213e-05,1.1262305308994405,0.12963499012552404,2.7050993336652608e-05
1.765886287625418,0.3615477629987908,1.1257249840086632,0.06684514368416217,0.00018998058376817447,1.269927941918463e-05,1.127094050896298,0.12856305574158,2.4424484380805724e-05
1.7725752508361203,0.36067551266586245,1.1261742713448395,0.06660484045191595,0.0001728787261535558,1.1514559972988054e-05,1.1279504379996623,0.12750163246252555,2.2042319802620275e-05
1.7792642140468227,0.3598074608904934,1.1266160186635383,0.06501910028727309,0.00015723817207958742,1.0223484479430198e-05,1.1287997583539908,0.12644914183047717,1.9882631922456725e-05
1.785953177257525,0.3589435774309724,1.1270440920844684,0.0643525448685125,0.00014294155940519456,9.198653115197926e-06,1.1296420653151202,0.12540647928744875,1.7925797708863156e-05
1.7926421404682273,0.35808383233532937,1.1274769222738195,0.06479503199649628,0.00012988025767179815,8.415595451557343e-06,1.1304774370066657,0.12437481178793064,1.615383260289783e-05
1.7993311036789297,0.35722819593787336,1.1279109152549902,0.063245565342541,0.00011795378028007712,7.4600535181033415e-06,1.131305942395895,0.12335346537447833,1.4550007551567319e-05
1.806020066889632,0.35637663885578075,1.1283230167934521,0.062079157668435414,0.00010706923093864286,6.646767668878133e-06,1.1321276505902707,0.12234246080168987,1.3099113189177994e-05
1.8127090301003344,0.3555291319857313,1.1287414056585814,0.06295753443129115,9.714078282743429e-05,6.11574417954077e-06,1.1329426308347137,0.12134181842209557,1.178723923122675e-05
1.8193979933110367,0.35468564650059314,1.129165258056747,0.061650122835857246,8.80891889527601e-05,5.4307093194487e-06,1.1337509525089609,0.1203465392675298,1.0601229037348195e-05
1.826086956521739,0.3538461538461538,1.12956615646575,0.06014240562454631,7.984132220768566e-05,4.801849185814728e-06,1.1345526179821055,0.11936085543239017,9.52992851756245e-06
1.8327759197324414,0.3530106257378985,1.1299698387339985,0.06079730138459638,7.232974369044579e-05,4.397453226218641e-06,1.1353477532505314,0.11838999543627438,8.563118025418773e-06
1.8394648829431437,0.35217903415783275,1.130379498290293,0.05993711676357805,6.549229787442657e-05,3.925419504814539e-06,1.1361364306300823,0.11742418837441448,7.690379922679931e-06
1.846153846153846,0.35135135135135137,1.1307716730719728,0.05854226897947967,5.9271733265653846e-05,3.4699017517178804e-06,1.1369186454026974,0.11646676999964711,6.903187325731339e-06
1.8528428093645484,0.35052754982415,1.1311626724572426,0.05895259191888158,5.361534722729098e-05,3.1607636856796243e-06,1.1376945145096764,0.1155220967324766,6.19375732873643e-06
1.8595317725752507,0.34970760233918136,1.1315603365090146,0.05842269682661083,4.8474653695126814e-05,2.8320199966053442e-06,1.138464091512831,0.11458322587017733,5.554382193327342e-06
1.866220735785953,0.34889148191365227,1.1319442469967291,0.05698268672537665,4.380507255314375e-05,2.4961307262781855e-06,1.1392274004744947,0.11365476427253896,4.9786551949690186e-06
1.8729096989966554,0.34807916181606524,1.1323226466993206,0.05707948978582067,3.956563948372089e-05,2.2583865147805098e-06,1.139984556586711,0.11273452469596634,4.460413561489234e-06
1.8795986622073577,0.34727061556329847,1.132707852211255,0.05672726972848352,3.571873515264906e-05,2.0262263233645893e-06,1.1407355546510294,0.11182236811583834,3.994153550871659e-06
1.8862876254180603,0.3464658169177288,1.1330815399398353,0.055390257537126786,3.222983263469421e-05,1.7852187300142058e-06,1.141480507999632,0.11092084060555862,3.574960128416748e-06
1.8929765886287626,0.34566473988439306,1.1334488590010494,0.055463777509913825,2.906726203074471e-05,1.6121801540955904e-06,1.142219445495251,0.11002507911969417,3.198127804725569e-06
1.899665551839465,0.34486735870818913,1.1338235302744162,0.055225847094050096,2.6201991272463814e-05,1.4470271635727216e-06,1.1429524154126045,0.10914052761646076,2.8596991520786006e-06
1.9063545150501673,0.3440736478711162,1.1341876663200334,0.05382393152859777,2.3607422154689213e-05,1.2706442736206942e-06,1.1436795194432972,0.10826306225168025,2.555811814334814e-06
1.9130434782608696,0.34328358208955223,1.1345435828701165,0.053780198061005535,2.1259200679429235e-05,1.1433240231583678e-06,1.1444007506935634,0.10739147984820363,2.2830570213538417e-06
1.919732441471572,0.3424971363115693,1.134907133852622,0.05357301520277247,1.9135040838101366e-05,1.0251218337252765e-06,1.1451161947589923,0.10653169052483236,2.0384882487446434e-06
1.9264214046822743,0.3417142857142857,1.1352602787256718,0.05231011516045214,1.7214561000535755e-05,9.004956683746535e-07,1.1458259238109525,0.10568088902100214,1.8192501106428908e-06
1.9331103678929766,0.3409350057012543,1.1356069347243338,0.05242880019108043,1.5479132120130366e-05,8.115523250576501e-07,1.146529985916464,0.10483429520517973,1.6227439062017264e-06
1.939799331103679,0.3401592718998862,1.1359616673569908,0.05207843123282885,1.3911737004332164e-05,7.24501438909313e-07,1.1472283892986472,0.10399487176411526,1.4467493057816205e-06
1.9464882943143813,0.33938706015891035,1.1363036361455088,0.05073175628278648,1.2496839938265277e-05,6.339866380530664e-07,1.1479212216591277,0.10316624639007443,1.2892520681683983e-06
1.9531772575250836,0.33861834654586637,1.1366403530597704,0.050991506554041166,1.1220265986778594e-05,5.721382666029059e-07,1.148608539752026,0.10234550185982982,1.148343753417634e-06
1.959866220735786,0.33785310734463275,1.1369857967683052,0.05055362260144136,1.0069089336408544e-05,5.090289422529952e-07,1.1492903922525701,0.10153204555417972,1.0223352371933376e-06
1.9665551839464883,0.3370913190529876,1.137316655703268,0.0493359429503073,9.031530073717306e-06,4.455790524709017e-07,1.1499668279868647,0.10072589984808644,9.097089936802302e-07
1.9732441471571907,0.3363329583802025,1.137645809383025,0.04987727591468172,8.096858830148129e-06,4.038492619135252e-07,1.1506378959294676,0.09992708675912354,8.090955147965876e-07
1.979933110367893,0.3355780022446689,1.1379839102305547,0.0490218365925017,7.255308755929741e-06,3.5566856026133457e-07,1.1513036452010335,0.09913562795621544,7.192595895353231e-07
1.9866220735785953,0.3348264277715565,1.1383016199060016,0.047764363815005595,6.497994316655595e-06,3.1037256460857647e-07,1.1519641250660055,0.09835154476982666,6.390877789486319e-07
1.9933110367892977,0.3340782122905028,1.1386228983752371,0.04884470464618573,5.816836435959214e-06,2.841216576895995e-07,1.1526193849303956,0.09757485820166778,5.675769904210149e-07
2.0,0.3333333333333333,1.1389550607708336,0.04965827814168048,5.204493536215248e-06,2.58446187607955e-07,1.1532694743396066,0.09718836667703908,5.058162261659673e-07
